order_id,customer_name,product,quantity,price,order_date
1,Selene Paladini,error: undefined method `first' for nil:NilClass,4,957.73,3/25/2025
2,Cherie Yarrington,error: undefined method `first' for nil:NilClass,1,70.33,2/16/2025
3,Wolfgang Izkovitch,error: undefined method `first' for nil:NilClass,3,3970.75,4/18/2025
4,West Sherbrooke,error: undefined method `first' for nil:NilClass,5,3216.16,3/13/2025
5,Lonni Keene,error: undefined method `first' for nil:NilClass,7,3423.24,7/15/2025
6,Brand Hassin,error: undefined method `first' for nil:NilClass,6,723.93,9/6/2025
7,Anatole Giamuzzo,error: undefined method `first' for nil:NilClass,1,4275.68,4/12/2025
8,Carolyn Durbyn,error: undefined method `first' for nil:NilClass,3,604.04,5/31/2025
9,Donnell De Giorgi,error: undefined method `first' for nil:NilClass,8,4868.87,7/26/2025
10,Kalila Kinnerley,error: undefined method `first' for nil:NilClass,6,1825.29,6/4/2025
11,Katina Di Pietro,error: undefined method `first' for nil:NilClass,7,3274.09,11/4/2025
12,Chicky Jeram,error: undefined method `first' for nil:NilClass,10,4800.54,11/7/2025
13,Esta Campaigne,error: undefined method `first' for nil:NilClass,9,4715.15,3/5/2025
14,Tanney Orta,error: undefined method `first' for nil:NilClass,4,2293.51,1/17/2025
15,Erin Billsberry,error: undefined method `first' for nil:NilClass,7,3063.29,4/17/2025
16,Westbrook Tapson,error: undefined method `first' for nil:NilClass,8,4125.59,1/30/2025
17,Robb Scripps,error: undefined method `first' for nil:NilClass,3,1613.57,5/19/2025
18,Verena Phillipps,error: undefined method `first' for nil:NilClass,8,2480.52,6/20/2025
19,Cam Harman,error: undefined method `first' for nil:NilClass,3,2213.43,3/18/2025
20,Murielle Esherwood,error: undefined method `first' for nil:NilClass,8,3432.72,11/2/2025
21,Deanna Tocque,error: undefined method `first' for nil:NilClass,5,3476.95,3/2/2025
22,Lizabeth Sagar,error: undefined method `first' for nil:NilClass,1,3939.59,2/24/2025
23,Wells O'Donoghue,error: undefined method `first' for nil:NilClass,2,1025.47,3/13/2025
24,Jimmy Huc,error: undefined method `first' for nil:NilClass,10,2451.5,4/6/2025
25,Jessika Ferrieri,error: undefined method `first' for nil:NilClass,8,4891.71,7/11/2025
26,Micheline Giovannetti,error: undefined method `first' for nil:NilClass,8,3681.6,1/29/2025
27,Katerina Cuthbertson,error: undefined method `first' for nil:NilClass,6,4592.89,11/10/2025
28,Priscella Bims,error: undefined method `first' for nil:NilClass,8,1585.6,4/18/2025
29,Bertrando Dyter,error: undefined method `first' for nil:NilClass,10,1182.79,2/8/2025
30,Amble Hamelyn,error: undefined method `first' for nil:NilClass,10,2013.23,5/7/2025
31,Boigie Marden,error: undefined method `first' for nil:NilClass,1,1948.06,7/4/2025
32,Alvis Matiashvili,error: undefined method `first' for nil:NilClass,8,2981.53,6/5/2025
33,Kathryne McKennan,error: undefined method `first' for nil:NilClass,4,2812.13,5/29/2025
34,Kyle Mannakee,error: undefined method `first' for nil:NilClass,10,3205.39,11/18/2025
35,Gale Pankethman,error: undefined method `first' for nil:NilClass,6,4808.05,11/22/2025
36,Melisenda Oakey,error: undefined method `first' for nil:NilClass,10,22.96,2/8/2025
37,Skip Matschuk,error: undefined method `first' for nil:NilClass,9,1291.67,4/21/2025
38,Parke Gleave,error: undefined method `first' for nil:NilClass,7,1539.61,2/17/2025
39,Karina Martindale,error: undefined method `first' for nil:NilClass,6,2522.35,1/11/2025
40,Marney Brankley,error: undefined method `first' for nil:NilClass,2,2240.21,5/4/2025
41,Raddie Beggs,error: undefined method `first' for nil:NilClass,9,3804.3,7/30/2025
42,Matias Edon,error: undefined method `first' for nil:NilClass,4,2650.89,1/31/2025
43,Laurena Saffen,error: undefined method `first' for nil:NilClass,1,4612.1,6/24/2025
44,Timotheus Branchett,error: undefined method `first' for nil:NilClass,4,4449.01,4/6/2025
45,Rance Pflieger,error: undefined method `first' for nil:NilClass,4,1890.81,11/28/2025
46,Caren Jorez,error: undefined method `first' for nil:NilClass,5,3633.14,11/1/2025
47,Gabie O'Neal,error: undefined method `first' for nil:NilClass,8,1025.18,6/13/2025
48,Etta Nickels,error: undefined method `first' for nil:NilClass,8,4236.8,6/25/2025
49,Laurence Westley,error: undefined method `first' for nil:NilClass,5,4716.37,12/12/2025
50,Giuseppe Donoghue,error: undefined method `first' for nil:NilClass,4,2358.53,9/2/2025
51,Ronnica Chotty,error: undefined method `first' for nil:NilClass,10,1939.43,11/10/2025
52,Obidiah Leroy,error: undefined method `first' for nil:NilClass,7,2226.77,12/27/2025
53,Junette Cornthwaite,error: undefined method `first' for nil:NilClass,3,655.55,12/25/2025
54,Ulysses Ludgate,error: undefined method `first' for nil:NilClass,3,1471.89,1/15/2025
55,Thain Schuck,error: undefined method `first' for nil:NilClass,1,570.35,4/20/2025
56,Lorena Pond,error: undefined method `first' for nil:NilClass,7,3161.68,9/23/2025
57,Halli Orhtmann,error: undefined method `first' for nil:NilClass,5,962.05,1/10/2025
58,Carr Fontin,error: undefined method `first' for nil:NilClass,3,2855.07,4/1/2025
59,Perrine Norkett,error: undefined method `first' for nil:NilClass,3,4488.3,8/5/2025
60,Jeniffer Corris,error: undefined method `first' for nil:NilClass,7,4269.89,2/28/2025
61,Keven Tripney,error: undefined method `first' for nil:NilClass,5,3644.92,2/2/2025
62,Cleavland MacGiolla,error: undefined method `first' for nil:NilClass,1,4065.25,9/3/2025
63,Vivi Angrove,error: undefined method `first' for nil:NilClass,6,3339.06,6/30/2025
64,Thomasa Calcraft,error: undefined method `first' for nil:NilClass,5,3777.13,3/7/2025
65,Nissy Pickup,error: undefined method `first' for nil:NilClass,10,4693.22,10/9/2025
66,Mellisa Mangeon,error: undefined method `first' for nil:NilClass,5,2059.63,5/26/2025
67,Livy Readett,error: undefined method `first' for nil:NilClass,10,3703.57,4/6/2025
68,Blinny Huckster,error: undefined method `first' for nil:NilClass,2,1508.29,8/17/2025
69,Esma McGinney,error: undefined method `first' for nil:NilClass,1,4703.73,9/24/2025
70,Liesa Swanton,error: undefined method `first' for nil:NilClass,10,2500.69,10/5/2025
71,Nikolas Seedhouse,error: undefined method `first' for nil:NilClass,8,3573.81,4/22/2025
72,Cart Godsil,error: undefined method `first' for nil:NilClass,7,1406.31,8/18/2025
73,Dorothea Ashall,error: undefined method `first' for nil:NilClass,9,3061.71,3/9/2025
74,Joell Kornas,error: undefined method `first' for nil:NilClass,8,1323.28,10/19/2025
75,Alta Budibent,error: undefined method `first' for nil:NilClass,6,2088.03,12/27/2025
76,Nelson Gentry,error: undefined method `first' for nil:NilClass,6,4517.03,9/8/2025
77,Viviana Moir,error: undefined method `first' for nil:NilClass,9,4777.39,4/15/2025
78,Marj Feldmesser,error: undefined method `first' for nil:NilClass,4,3303.63,11/15/2025
79,Lethia Featherstone,error: undefined method `first' for nil:NilClass,4,3590.92,11/7/2025
80,Philippe Charsley,error: undefined method `first' for nil:NilClass,6,434.8,12/9/2025
81,Marne Kyneton,error: undefined method `first' for nil:NilClass,1,2712.12,11/26/2025
82,Timi Fronek,error: undefined method `first' for nil:NilClass,8,3820.61,12/13/2025
83,Rozalin Schukraft,error: undefined method `first' for nil:NilClass,9,406.65,4/29/2025
84,Corilla Walewski,error: undefined method `first' for nil:NilClass,1,4816.34,2/23/2025
85,Rici Dymick,error: undefined method `first' for nil:NilClass,8,1938.14,11/3/2025
86,Olenka Haggard,error: undefined method `first' for nil:NilClass,8,3199.28,5/31/2025
87,Barty Melhuish,error: undefined method `first' for nil:NilClass,10,2824.12,5/9/2025
88,Sheela Attenburrow,error: undefined method `first' for nil:NilClass,6,3562.11,10/23/2025
89,Clarita de Vaen,error: undefined method `first' for nil:NilClass,10,3284.81,2/1/2025
90,Andriana Parcells,error: undefined method `first' for nil:NilClass,2,4050.51,7/3/2025
91,Drusie Neath,error: undefined method `first' for nil:NilClass,5,4771.33,2/9/2025
92,Pernell Sigert,error: undefined method `first' for nil:NilClass,4,2180.68,5/18/2025
93,Jorge Firpi,error: undefined method `first' for nil:NilClass,5,610.81,11/27/2025
94,Natal Blest,error: undefined method `first' for nil:NilClass,9,459.3,7/23/2025
95,Julieta Klimuk,error: undefined method `first' for nil:NilClass,10,2678.41,6/15/2025
96,Vi Gauch,error: undefined method `first' for nil:NilClass,5,1195.45,9/11/2025
97,Lizabeth Millan,error: undefined method `first' for nil:NilClass,1,359.78,12/4/2025
98,Shanan Friskey,error: undefined method `first' for nil:NilClass,6,2797.95,11/1/2025
99,Melinde Golsthorp,error: undefined method `first' for nil:NilClass,6,4653.14,12/3/2025
100,Xenia McCaughen,error: undefined method `first' for nil:NilClass,9,4969.52,11/26/2025
101,Cecilius Alliban,error: undefined method `first' for nil:NilClass,4,2199.1,7/19/2025
102,Judie Cornwall,error: undefined method `first' for nil:NilClass,7,4619.24,7/29/2025
103,Donn Gutman,error: undefined method `first' for nil:NilClass,6,4192.6,1/1/2025
104,Rufe Elderfield,error: undefined method `first' for nil:NilClass,2,1311.89,11/21/2025
105,Helena Slader,error: undefined method `first' for nil:NilClass,7,4188.34,8/5/2025
106,Ozzie Stendall,error: undefined method `first' for nil:NilClass,1,3443.85,11/18/2025
107,Pren Spelman,error: undefined method `first' for nil:NilClass,7,3786.83,5/7/2025
108,Eward Eingerfield,error: undefined method `first' for nil:NilClass,10,4011.77,4/14/2025
109,Tomaso Christopher,error: undefined method `first' for nil:NilClass,6,1481.69,4/10/2025
110,Maurizio Suttaby,error: undefined method `first' for nil:NilClass,7,2656.56,3/21/2025
111,Carson Crossgrove,error: undefined method `first' for nil:NilClass,6,309.6,6/5/2025
112,Doralyn Brachell,error: undefined method `first' for nil:NilClass,1,261.55,7/18/2025
113,Eolanda Sigars,error: undefined method `first' for nil:NilClass,6,2923.29,5/26/2025
114,Shela Yerlett,error: undefined method `first' for nil:NilClass,1,4277.61,10/17/2025
115,Pierre Abbess,error: undefined method `first' for nil:NilClass,10,4479.33,11/25/2025
116,Orella Titmarsh,error: undefined method `first' for nil:NilClass,10,4506.54,6/27/2025
117,Cosme Card,error: undefined method `first' for nil:NilClass,8,2914.87,5/10/2025
118,Fallon Ickovic,error: undefined method `first' for nil:NilClass,3,1635.06,11/17/2025
119,Emmit Tivenan,error: undefined method `first' for nil:NilClass,8,3138.68,12/6/2025
120,Eugine Stanhope,error: undefined method `first' for nil:NilClass,2,4659.54,7/22/2025
121,Coleman Atthow,error: undefined method `first' for nil:NilClass,7,1818.06,6/6/2025
122,Marice Vallentin,error: undefined method `first' for nil:NilClass,4,4539.06,6/17/2025
123,Marcile Doman,error: undefined method `first' for nil:NilClass,1,1908.63,1/6/2025
124,Martainn Matthieson,error: undefined method `first' for nil:NilClass,3,3137.81,3/6/2025
125,Daloris Clack,error: undefined method `first' for nil:NilClass,1,756.01,11/29/2025
126,Shaine Stonner,error: undefined method `first' for nil:NilClass,8,1844.17,3/2/2025
127,Winifred Murty,error: undefined method `first' for nil:NilClass,1,227.9,8/17/2025
128,Selie Le Houx,error: undefined method `first' for nil:NilClass,1,3082.56,11/19/2025
129,Briggs Port,error: undefined method `first' for nil:NilClass,1,4306.42,8/25/2025
130,Holmes Muris,error: undefined method `first' for nil:NilClass,6,3264.02,3/11/2025
131,Minette Potell,error: undefined method `first' for nil:NilClass,5,675.61,5/25/2025
132,Donnajean Lechmere,error: undefined method `first' for nil:NilClass,10,1005.24,5/17/2025
133,Bevan Ilewicz,error: undefined method `first' for nil:NilClass,1,2052.39,2/24/2025
134,Cinda Northwood,error: undefined method `first' for nil:NilClass,7,3590.31,10/24/2025
135,Claude Hellewell,error: undefined method `first' for nil:NilClass,3,1867.99,3/30/2025
136,Cash Geist,error: undefined method `first' for nil:NilClass,8,2175.35,5/6/2025
137,Sonni Donohoe,error: undefined method `first' for nil:NilClass,10,4711.79,6/9/2025
138,Chaddie Twiddle,error: undefined method `first' for nil:NilClass,1,4634.1,1/19/2025
139,Cissiee Kaes,error: undefined method `first' for nil:NilClass,2,3290.83,9/30/2025
140,Fidel Ivanovic,error: undefined method `first' for nil:NilClass,4,3266.87,5/10/2025
141,Peria Tatchell,error: undefined method `first' for nil:NilClass,3,2873.0,6/30/2025
142,Ddene Pulfer,error: undefined method `first' for nil:NilClass,9,1289.03,12/9/2025
143,Verne D'Adamo,error: undefined method `first' for nil:NilClass,3,2530.86,4/13/2025
144,Hana Turk,error: undefined method `first' for nil:NilClass,3,2346.14,8/9/2025
145,Quintina Killerby,error: undefined method `first' for nil:NilClass,9,2879.28,5/16/2025
146,Nellie Drewery,error: undefined method `first' for nil:NilClass,2,4381.56,1/27/2025
147,Georgie Swedeland,error: undefined method `first' for nil:NilClass,4,3534.3,1/20/2025
148,Lannie Fenning,error: undefined method `first' for nil:NilClass,4,1958.93,9/15/2025
149,Octavia Stopp,error: undefined method `first' for nil:NilClass,9,201.4,9/25/2025
150,Hervey Beer,error: undefined method `first' for nil:NilClass,5,4551.68,7/1/2025
151,Frasier Shirt,error: undefined method `first' for nil:NilClass,5,3709.9,4/8/2025
152,Hollis Moggle,error: undefined method `first' for nil:NilClass,3,126.61,10/20/2025
153,Tirrell de Juares,error: undefined method `first' for nil:NilClass,1,1429.3,3/14/2025
154,Elena Elce,error: undefined method `first' for nil:NilClass,2,920.93,10/19/2025
155,Aurilia Giveen,error: undefined method `first' for nil:NilClass,6,1624.61,6/11/2025
156,Cami O'Caherny,error: undefined method `first' for nil:NilClass,10,2631.45,11/30/2025
157,Essa Terrett,error: undefined method `first' for nil:NilClass,9,1931.0,3/27/2025
158,Hynda Sybbe,error: undefined method `first' for nil:NilClass,6,4368.18,9/27/2025
159,Courtnay Baltzar,error: undefined method `first' for nil:NilClass,7,2245.13,8/19/2025
160,Maddalena Monck,error: undefined method `first' for nil:NilClass,8,2963.97,9/2/2025
161,Rubia Beniesh,error: undefined method `first' for nil:NilClass,7,2243.33,7/25/2025
162,Janelle Traite,error: undefined method `first' for nil:NilClass,4,2218.45,2/24/2025
163,Nellie Twittey,error: undefined method `first' for nil:NilClass,3,3274.45,1/30/2025
164,Crin Kisting,error: undefined method `first' for nil:NilClass,2,2473.08,10/10/2025
165,Lyle Henrion,error: undefined method `first' for nil:NilClass,5,240.64,3/24/2025
166,Wendi McCloughen,error: undefined method `first' for nil:NilClass,7,4153.73,10/7/2025
167,Ive Carreck,error: undefined method `first' for nil:NilClass,5,4410.96,9/24/2025
168,Daphene Plastow,error: undefined method `first' for nil:NilClass,4,1233.46,8/6/2025
169,Melodee Donnersberg,error: undefined method `first' for nil:NilClass,5,741.71,9/29/2025
170,Nico Brinsden,error: undefined method `first' for nil:NilClass,7,1422.2,6/23/2025
171,Paige Pilcher,error: undefined method `first' for nil:NilClass,9,3153.27,3/15/2025
172,Averell Godlee,error: undefined method `first' for nil:NilClass,3,3000.81,1/23/2025
173,Tamqrah Peche,error: undefined method `first' for nil:NilClass,5,4762.86,10/1/2025
174,Rafaelita Marzelo,error: undefined method `first' for nil:NilClass,7,1104.36,1/9/2025
175,Norine Sawford,error: undefined method `first' for nil:NilClass,9,2358.9,9/30/2025
176,Melina Ledgeway,error: undefined method `first' for nil:NilClass,8,2433.87,12/18/2025
177,Babbie Barzen,error: undefined method `first' for nil:NilClass,7,1864.62,9/17/2025
178,Brian Sibborn,error: undefined method `first' for nil:NilClass,2,4562.65,2/27/2025
179,Natalie Dunnan,error: undefined method `first' for nil:NilClass,2,1900.85,7/12/2025
180,Dalli Cockburn,error: undefined method `first' for nil:NilClass,6,4104.11,8/8/2025
181,Zach Vasilyonok,error: undefined method `first' for nil:NilClass,6,4273.16,12/15/2025
182,Francklyn Scopes,error: undefined method `first' for nil:NilClass,9,3430.78,8/17/2025
183,Micheil Warfield,error: undefined method `first' for nil:NilClass,10,1450.44,12/23/2025
184,Elane Golsby,error: undefined method `first' for nil:NilClass,9,2544.32,12/13/2025
185,Benoite Thirtle,error: undefined method `first' for nil:NilClass,2,4426.57,2/8/2025
186,Imojean Slowcock,error: undefined method `first' for nil:NilClass,7,995.38,1/23/2025
187,Almeda Lober,error: undefined method `first' for nil:NilClass,7,1388.32,1/16/2025
188,Eartha Savins,error: undefined method `first' for nil:NilClass,2,1891.63,2/5/2025
189,Padriac MacElroy,error: undefined method `first' for nil:NilClass,1,3588.75,10/29/2025
190,Esteban Croney,error: undefined method `first' for nil:NilClass,8,4952.48,9/13/2025
191,Corey Bestwick,error: undefined method `first' for nil:NilClass,6,971.97,8/1/2025
192,Alvira D'Avaux,error: undefined method `first' for nil:NilClass,9,1476.61,9/18/2025
193,Sam Orr,error: undefined method `first' for nil:NilClass,1,26.25,2/25/2025
194,Dorry Fewell,error: undefined method `first' for nil:NilClass,10,310.97,4/15/2025
195,Zonda Brew,error: undefined method `first' for nil:NilClass,5,1669.69,9/13/2025
196,Bertram Creffeild,error: undefined method `first' for nil:NilClass,5,478.26,6/19/2025
197,Pauly Cohen,error: undefined method `first' for nil:NilClass,6,2132.16,6/26/2025
198,Weber Oboy,error: undefined method `first' for nil:NilClass,6,962.26,7/25/2025
199,Florrie Wynrehame,error: undefined method `first' for nil:NilClass,7,641.68,7/14/2025
200,Mandie Keyzor,error: undefined method `first' for nil:NilClass,10,3764.46,7/9/2025
201,Horst Groombridge,error: undefined method `first' for nil:NilClass,4,141.8,2/20/2025
202,Wayne Maciunas,error: undefined method `first' for nil:NilClass,10,3786.29,9/21/2025
203,Teddie Woodyer,error: undefined method `first' for nil:NilClass,3,144.64,5/23/2025
204,Joellen Copyn,error: undefined method `first' for nil:NilClass,10,1277.25,5/14/2025
205,Kandy Frankis,error: undefined method `first' for nil:NilClass,4,853.68,7/4/2025
206,Titos Ashbridge,error: undefined method `first' for nil:NilClass,2,3009.69,4/23/2025
207,Ian Jeff,error: undefined method `first' for nil:NilClass,8,4622.66,2/14/2025
208,Giusto Gooke,error: undefined method `first' for nil:NilClass,9,14.46,8/8/2025
209,Berkie Mitkov,error: undefined method `first' for nil:NilClass,7,533.73,8/1/2025
210,Ted Aisthorpe,error: undefined method `first' for nil:NilClass,1,561.34,8/25/2025
211,Lexie Jeffcock,error: undefined method `first' for nil:NilClass,1,1342.78,2/13/2025
212,Tanner Houston,error: undefined method `first' for nil:NilClass,1,2181.57,7/22/2025
213,Bentley Lyle,error: undefined method `first' for nil:NilClass,4,1237.84,4/17/2025
214,Lawton Assel,error: undefined method `first' for nil:NilClass,3,3343.79,10/27/2025
215,Staffard Semper,error: undefined method `first' for nil:NilClass,6,3787.63,3/6/2025
216,Tessy Sparshott,error: undefined method `first' for nil:NilClass,6,8.03,6/13/2025
217,Barri Isgar,error: undefined method `first' for nil:NilClass,8,2503.27,6/23/2025
218,Darbie Elmes,error: undefined method `first' for nil:NilClass,7,294.69,4/14/2025
219,Archaimbaud Bretherton,error: undefined method `first' for nil:NilClass,3,4475.3,8/10/2025
220,Kamila Timbs,error: undefined method `first' for nil:NilClass,10,1840.75,5/3/2025
221,Lorianne Boshard,error: undefined method `first' for nil:NilClass,4,726.39,4/20/2025
222,Pollyanna Kinloch,error: undefined method `first' for nil:NilClass,9,4298.05,3/11/2025
223,Marianna Hubbucke,error: undefined method `first' for nil:NilClass,7,469.77,6/15/2025
224,Tony Stanford,error: undefined method `first' for nil:NilClass,5,729.74,7/26/2025
225,Elli Scranny,error: undefined method `first' for nil:NilClass,3,4817.57,12/15/2025
226,Rasla Charpin,error: undefined method `first' for nil:NilClass,7,1585.55,12/3/2025
227,Deane McCorry,error: undefined method `first' for nil:NilClass,5,4998.34,6/2/2025
228,Orbadiah Malsher,error: undefined method `first' for nil:NilClass,6,3266.54,12/11/2025
229,Garold Quarles,error: undefined method `first' for nil:NilClass,8,3593.01,6/21/2025
230,Heywood Cluatt,error: undefined method `first' for nil:NilClass,5,1250.84,3/20/2025
231,Gusta Di Pietro,error: undefined method `first' for nil:NilClass,5,4294.61,6/5/2025
232,Brandais Clist,error: undefined method `first' for nil:NilClass,7,3354.19,12/7/2025
233,Fernando Devine,error: undefined method `first' for nil:NilClass,7,1285.25,2/14/2025
234,Danny Foddy,error: undefined method `first' for nil:NilClass,6,4817.08,11/19/2025
235,Lissi Fairburn,error: undefined method `first' for nil:NilClass,5,457.63,11/13/2025
236,Myrwyn Lipprose,error: undefined method `first' for nil:NilClass,6,4763.27,7/22/2025
237,Nonna Aylett,error: undefined method `first' for nil:NilClass,5,496.54,8/15/2025
238,Peadar Ajam,error: undefined method `first' for nil:NilClass,4,208.48,4/24/2025
239,Tabbitha Trumper,error: undefined method `first' for nil:NilClass,7,888.28,5/1/2025
240,Nelly Raspin,error: undefined method `first' for nil:NilClass,7,3615.88,9/17/2025
241,Floyd Beldon,error: undefined method `first' for nil:NilClass,7,4052.68,4/29/2025
242,Arlene Wallwork,error: undefined method `first' for nil:NilClass,9,708.52,12/9/2025
243,Chelsea Konert,error: undefined method `first' for nil:NilClass,3,4390.34,2/5/2025
244,Laurianne Paolone,error: undefined method `first' for nil:NilClass,7,4001.34,8/13/2025
245,Dallon Eady,error: undefined method `first' for nil:NilClass,5,4895.05,7/2/2025
246,Barn Marchant,error: undefined method `first' for nil:NilClass,7,1500.53,7/13/2025
247,Ara Kinchin,error: undefined method `first' for nil:NilClass,8,4243.28,6/20/2025
248,Tadeo Vallance,error: undefined method `first' for nil:NilClass,8,2436.67,11/23/2025
249,Ellswerth Filipczynski,error: undefined method `first' for nil:NilClass,5,4681.23,9/7/2025
250,Annemarie Harflete,error: undefined method `first' for nil:NilClass,6,2314.39,7/13/2025
251,Katharina Persich,error: undefined method `first' for nil:NilClass,6,2220.62,3/23/2025
252,Duky Millson,error: undefined method `first' for nil:NilClass,1,4373.7,6/22/2025
253,Andreas Oglevie,error: undefined method `first' for nil:NilClass,8,4044.48,12/23/2025
254,Lek Giraldez,error: undefined method `first' for nil:NilClass,1,167.76,3/9/2025
255,Janet Sannes,error: undefined method `first' for nil:NilClass,3,2040.81,11/10/2025
256,Evin Delve,error: undefined method `first' for nil:NilClass,4,642.16,4/15/2025
257,Nathanael Patillo,error: undefined method `first' for nil:NilClass,3,1433.83,10/28/2025
258,Northrup Peasnone,error: undefined method `first' for nil:NilClass,10,3667.61,8/19/2025
259,Brit Deary,error: undefined method `first' for nil:NilClass,1,4483.83,1/28/2025
260,Aimil Peatt,error: undefined method `first' for nil:NilClass,5,35.19,2/28/2025
261,Binny Biffen,error: undefined method `first' for nil:NilClass,6,510.8,3/9/2025
262,Madeleine Cartmael,error: undefined method `first' for nil:NilClass,4,160.98,10/22/2025
263,Brinna Glantz,error: undefined method `first' for nil:NilClass,6,2120.89,5/21/2025
264,Yettie Folds,error: undefined method `first' for nil:NilClass,10,3106.55,3/9/2025
265,Normie Watkiss,error: undefined method `first' for nil:NilClass,7,596.35,7/19/2025
266,Bondon Hodgin,error: undefined method `first' for nil:NilClass,3,3320.2,1/30/2025
267,Casey Scrowton,error: undefined method `first' for nil:NilClass,2,1033.5,2/4/2025
268,Tammi Hember,error: undefined method `first' for nil:NilClass,1,4047.18,8/13/2025
269,Isidor Lush,error: undefined method `first' for nil:NilClass,3,542.82,6/9/2025
270,Ashly Coare,error: undefined method `first' for nil:NilClass,10,3584.31,3/22/2025
271,Jeth Dunbobin,error: undefined method `first' for nil:NilClass,2,3212.39,5/8/2025
272,Betti Bolsteridge,error: undefined method `first' for nil:NilClass,1,4363.36,8/6/2025
273,Vickie Stigers,error: undefined method `first' for nil:NilClass,2,4084.24,4/16/2025
274,Claire Souch,error: undefined method `first' for nil:NilClass,3,83.41,10/14/2025
275,Cherlyn Askam,error: undefined method `first' for nil:NilClass,2,2769.08,2/11/2025
276,Darcey Gusticke,error: undefined method `first' for nil:NilClass,5,1484.85,5/5/2025
277,Sawyere Cornejo,error: undefined method `first' for nil:NilClass,6,3914.84,12/14/2025
278,Salomi Dunmuir,error: undefined method `first' for nil:NilClass,10,4178.7,3/29/2025
279,Matteo Digan,error: undefined method `first' for nil:NilClass,4,1438.22,6/4/2025
280,Fabian Belle,error: undefined method `first' for nil:NilClass,6,3326.07,9/23/2025
281,Maddy Ball,error: undefined method `first' for nil:NilClass,6,3664.75,3/4/2025
282,Bendicty Linnett,error: undefined method `first' for nil:NilClass,1,3290.54,3/19/2025
283,Frayda Jekyll,error: undefined method `first' for nil:NilClass,6,1253.93,10/19/2025
284,Miranda Tampen,error: undefined method `first' for nil:NilClass,1,4673.98,3/23/2025
285,Faun Marlow,error: undefined method `first' for nil:NilClass,7,1377.27,11/24/2025
286,Lonni Boffin,error: undefined method `first' for nil:NilClass,8,3341.53,9/26/2025
287,Nicki Fookes,error: undefined method `first' for nil:NilClass,10,4542.13,11/21/2025
288,Rebekkah Berlin,error: undefined method `first' for nil:NilClass,5,3367.71,7/1/2025
289,Algernon Salomon,error: undefined method `first' for nil:NilClass,5,4265.47,7/19/2025
290,Reamonn Redmain,error: undefined method `first' for nil:NilClass,6,627.56,12/4/2025
291,Theo Gerdes,error: undefined method `first' for nil:NilClass,7,3500.74,11/27/2025
292,Pavia Willeman,error: undefined method `first' for nil:NilClass,4,3957.45,2/27/2025
293,Tildie Oulet,error: undefined method `first' for nil:NilClass,9,4629.66,12/26/2025
294,Morie Clue,error: undefined method `first' for nil:NilClass,3,1745.0,6/6/2025
295,Rosamund Sebley,error: undefined method `first' for nil:NilClass,1,3897.1,4/29/2025
296,Virgie Spere,error: undefined method `first' for nil:NilClass,9,3414.12,7/10/2025
297,Eunice Davydoch,error: undefined method `first' for nil:NilClass,6,1727.96,4/26/2025
298,Mae Parsisson,error: undefined method `first' for nil:NilClass,9,4416.07,12/29/2025
299,Anastasie Summerrell,error: undefined method `first' for nil:NilClass,4,1807.86,12/7/2025
300,Judi Jeenes,error: undefined method `first' for nil:NilClass,2,4277.86,6/17/2025
301,Colene Purcer,error: undefined method `first' for nil:NilClass,2,4240.1,7/30/2025
302,Hermia Rigney,error: undefined method `first' for nil:NilClass,2,285.14,1/7/2025
303,Julina Gudgen,error: undefined method `first' for nil:NilClass,2,1443.58,8/28/2025
304,Pancho Allaker,error: undefined method `first' for nil:NilClass,2,294.98,8/13/2025
305,Sibyl Flecknell,error: undefined method `first' for nil:NilClass,4,2210.27,10/1/2025
306,Nikos Grigolon,error: undefined method `first' for nil:NilClass,3,4773.82,9/8/2025
307,Cheri Rolley,error: undefined method `first' for nil:NilClass,1,3040.88,9/22/2025
308,Jermaine Cathrall,error: undefined method `first' for nil:NilClass,5,4338.69,9/14/2025
309,Ayn McVee,error: undefined method `first' for nil:NilClass,1,1923.33,11/24/2025
310,Arne Dillamore,error: undefined method `first' for nil:NilClass,4,3858.7,6/27/2025
311,Troy Vanstone,error: undefined method `first' for nil:NilClass,4,4130.41,10/28/2025
312,Taber Danels,error: undefined method `first' for nil:NilClass,10,3257.72,7/7/2025
313,Marlowe Innocenti,error: undefined method `first' for nil:NilClass,10,165.55,3/26/2025
314,Holden Stammirs,error: undefined method `first' for nil:NilClass,3,4369.61,11/26/2025
315,Aili Poad,error: undefined method `first' for nil:NilClass,9,754.41,5/16/2025
316,Brantley Fritzer,error: undefined method `first' for nil:NilClass,10,640.76,10/3/2025
317,Frasquito Franscioni,error: undefined method `first' for nil:NilClass,3,172.1,2/5/2025
318,Franni Jeanon,error: undefined method `first' for nil:NilClass,9,4856.12,2/2/2025
319,Gertie Cobon,error: undefined method `first' for nil:NilClass,2,4337.36,6/12/2025
320,Armstrong Shilston,error: undefined method `first' for nil:NilClass,5,312.0,3/13/2025
321,Guillema Palfree,error: undefined method `first' for nil:NilClass,8,4093.43,8/19/2025
322,Neda Groom,error: undefined method `first' for nil:NilClass,3,3799.68,2/24/2025
323,Louisette Le Barre,error: undefined method `first' for nil:NilClass,5,4701.12,10/10/2025
324,Douglass Hunt,error: undefined method `first' for nil:NilClass,5,3535.66,11/3/2025
325,Ike Patmore,error: undefined method `first' for nil:NilClass,5,2379.21,8/27/2025
326,Alexandr Dioniso,error: undefined method `first' for nil:NilClass,6,3825.65,4/17/2025
327,Brew Eldin,error: undefined method `first' for nil:NilClass,1,4714.22,12/16/2025
328,Delores McHarry,error: undefined method `first' for nil:NilClass,10,263.49,4/7/2025
329,Bert Bonder,error: undefined method `first' for nil:NilClass,4,2549.97,5/18/2025
330,Abby Lorenzini,error: undefined method `first' for nil:NilClass,8,3414.31,9/12/2025
331,Leroi Conlon,error: undefined method `first' for nil:NilClass,2,1469.51,11/18/2025
332,Nannette Juara,error: undefined method `first' for nil:NilClass,8,3494.72,8/24/2025
333,Nicolas Laurence,error: undefined method `first' for nil:NilClass,3,643.94,12/27/2025
334,Donaugh Totaro,error: undefined method `first' for nil:NilClass,6,2495.8,4/2/2025
335,Katrine Hansana,error: undefined method `first' for nil:NilClass,9,4499.35,6/2/2025
336,Russell Wixon,error: undefined method `first' for nil:NilClass,4,4678.83,12/7/2025
337,Moss Pache,error: undefined method `first' for nil:NilClass,3,2559.3,8/11/2025
338,Stevy Littlefield,error: undefined method `first' for nil:NilClass,3,3412.48,1/23/2025
339,Agustin Swiffen,error: undefined method `first' for nil:NilClass,9,760.52,8/29/2025
340,Janenna Tort,error: undefined method `first' for nil:NilClass,5,1958.3,12/23/2025
341,Elizabet Ovill,error: undefined method `first' for nil:NilClass,1,2269.92,2/6/2025
342,Quintus Geaney,error: undefined method `first' for nil:NilClass,9,2891.94,9/14/2025
343,Gates Stetson,error: undefined method `first' for nil:NilClass,8,927.73,1/18/2025
344,Karylin Child,error: undefined method `first' for nil:NilClass,8,3233.77,6/15/2025
345,Carlos Roantree,error: undefined method `first' for nil:NilClass,2,1869.29,6/30/2025
346,Mychal Franzotto,error: undefined method `first' for nil:NilClass,10,1867.07,11/11/2025
347,Donovan Hillitt,error: undefined method `first' for nil:NilClass,2,3626.04,5/20/2025
348,Falito Crolly,error: undefined method `first' for nil:NilClass,3,4573.11,1/31/2025
349,Angelique Kollaschek,error: undefined method `first' for nil:NilClass,6,3397.83,4/28/2025
350,Kimberlee Diggar,error: undefined method `first' for nil:NilClass,5,629.43,10/9/2025
351,Rosaleen Dachs,error: undefined method `first' for nil:NilClass,3,1196.7,12/13/2025
352,Vernen Carluccio,error: undefined method `first' for nil:NilClass,2,1460.17,12/1/2025
353,Felecia Botha,error: undefined method `first' for nil:NilClass,5,3491.46,8/22/2025
354,Jewell Gryglewski,error: undefined method `first' for nil:NilClass,10,3908.54,3/1/2025
355,Baxie McMurty,error: undefined method `first' for nil:NilClass,2,372.81,7/12/2025
356,Perry Float,error: undefined method `first' for nil:NilClass,3,2833.6,2/27/2025
357,Ceciley Casemore,error: undefined method `first' for nil:NilClass,10,3449.65,2/4/2025
358,Dode Salack,error: undefined method `first' for nil:NilClass,8,538.26,4/8/2025
359,Rosemary Henric,error: undefined method `first' for nil:NilClass,5,696.82,1/15/2025
360,Aldric Dabs,error: undefined method `first' for nil:NilClass,6,3083.24,4/4/2025
361,Ian Boxhall,error: undefined method `first' for nil:NilClass,7,1651.7,3/15/2025
362,Pepita Boyles,error: undefined method `first' for nil:NilClass,1,3252.96,1/13/2025
363,Chantalle Atrill,error: undefined method `first' for nil:NilClass,9,2102.43,4/10/2025
364,Stanford Tinner,error: undefined method `first' for nil:NilClass,10,3953.19,11/12/2025
365,Moss McCormick,error: undefined method `first' for nil:NilClass,8,1968.66,10/25/2025
366,Son Sherwell,error: undefined method `first' for nil:NilClass,1,1970.12,6/27/2025
367,Andreana Vaneev,error: undefined method `first' for nil:NilClass,5,823.7,8/12/2025
368,Raine Sanches,error: undefined method `first' for nil:NilClass,9,4986.65,6/12/2025
369,Jacinta Goodie,error: undefined method `first' for nil:NilClass,7,1492.36,12/16/2025
370,Randi Saker,error: undefined method `first' for nil:NilClass,2,906.53,9/25/2025
371,Dollie Bevens,error: undefined method `first' for nil:NilClass,3,2739.07,8/31/2025
372,Rock Piddick,error: undefined method `first' for nil:NilClass,10,1240.2,7/9/2025
373,Elana Baptie,error: undefined method `first' for nil:NilClass,10,3066.64,5/16/2025
374,Kirstin Faulconbridge,error: undefined method `first' for nil:NilClass,8,2302.92,11/6/2025
375,Franchot Mountain,error: undefined method `first' for nil:NilClass,5,2093.48,4/17/2025
376,Isabelle Bilson,error: undefined method `first' for nil:NilClass,9,689.51,4/15/2025
377,Camila Banat,error: undefined method `first' for nil:NilClass,6,2428.82,2/26/2025
378,Hugh Wycliff,error: undefined method `first' for nil:NilClass,5,1395.29,9/18/2025
379,Packston Vasyutichev,error: undefined method `first' for nil:NilClass,7,3254.96,11/10/2025
380,Andreana Gayton,error: undefined method `first' for nil:NilClass,9,4006.44,1/11/2025
381,Carley Shearstone,error: undefined method `first' for nil:NilClass,1,1216.08,4/3/2025
382,Aigneis Abramcik,error: undefined method `first' for nil:NilClass,4,4757.99,2/26/2025
383,Rhodie Eymor,error: undefined method `first' for nil:NilClass,8,4729.16,6/23/2025
384,Chevalier Kenen,error: undefined method `first' for nil:NilClass,7,1951.49,7/12/2025
385,Niko Keighley,error: undefined method `first' for nil:NilClass,4,4711.54,12/16/2025
386,Bud Seamons,error: undefined method `first' for nil:NilClass,6,2415.36,12/28/2025
387,Ivory L'Hommeau,error: undefined method `first' for nil:NilClass,3,1953.06,12/3/2025
388,Aguistin Kaser,error: undefined method `first' for nil:NilClass,8,4656.87,9/7/2025
389,Brandie Ebbotts,error: undefined method `first' for nil:NilClass,5,3496.9,7/24/2025
390,Miguel Crennan,error: undefined method `first' for nil:NilClass,2,4763.87,4/5/2025
391,Revkah Marlon,error: undefined method `first' for nil:NilClass,6,1278.41,11/14/2025
392,Mersey Ellesworth,error: undefined method `first' for nil:NilClass,1,4320.38,10/19/2025
393,Joellyn McKilroe,error: undefined method `first' for nil:NilClass,2,175.34,8/8/2025
394,Thayne Constantine,error: undefined method `first' for nil:NilClass,6,1122.37,3/5/2025
395,Carin Bussens,error: undefined method `first' for nil:NilClass,5,204.82,4/28/2025
396,Gigi Kertess,error: undefined method `first' for nil:NilClass,5,953.95,10/27/2025
397,Colver Tieman,error: undefined method `first' for nil:NilClass,10,4331.44,1/22/2025
398,Iver Accomb,error: undefined method `first' for nil:NilClass,5,4109.25,1/23/2025
399,Tandi Mushart,error: undefined method `first' for nil:NilClass,1,1146.88,12/27/2025
400,Dee dee Simson,error: undefined method `first' for nil:NilClass,6,4958.04,3/17/2025
401,Maxwell Gladdolph,error: undefined method `first' for nil:NilClass,2,4951.99,7/27/2025
402,Gabrila Larderot,error: undefined method `first' for nil:NilClass,3,547.91,8/26/2025
403,Daren Panther,error: undefined method `first' for nil:NilClass,7,4362.07,4/16/2025
404,Rollins Wildash,error: undefined method `first' for nil:NilClass,7,4801.8,5/14/2025
405,Monika Bould,error: undefined method `first' for nil:NilClass,4,4524.62,4/23/2025
406,Dalli Friskey,error: undefined method `first' for nil:NilClass,1,4746.87,12/14/2025
407,Lazar Jimes,error: undefined method `first' for nil:NilClass,3,3712.85,11/9/2025
408,Tome Sapwell,error: undefined method `first' for nil:NilClass,1,2796.2,6/18/2025
409,Nicola Beetles,error: undefined method `first' for nil:NilClass,9,2731.53,3/19/2025
410,Jenelle Oatley,error: undefined method `first' for nil:NilClass,10,4675.56,10/9/2025
411,Roderigo Sackes,error: undefined method `first' for nil:NilClass,1,1364.65,7/8/2025
412,Kerrin Kinastan,error: undefined method `first' for nil:NilClass,10,4296.53,3/31/2025
413,Amby Hairs,error: undefined method `first' for nil:NilClass,3,1651.08,6/19/2025
414,Elizabeth Alderson,error: undefined method `first' for nil:NilClass,3,2194.82,5/12/2025
415,Yasmin Baldick,error: undefined method `first' for nil:NilClass,3,1227.19,11/2/2025
416,Madalyn Emery,error: undefined method `first' for nil:NilClass,6,231.2,2/24/2025
417,Val Goning,error: undefined method `first' for nil:NilClass,7,3256.9,9/27/2025
418,Marchall Close,error: undefined method `first' for nil:NilClass,9,4211.9,5/22/2025
419,Adriana Proven,error: undefined method `first' for nil:NilClass,9,3795.52,12/10/2025
420,Alvinia Edmondson,error: undefined method `first' for nil:NilClass,3,918.08,5/16/2025
421,Kelsy Richemont,error: undefined method `first' for nil:NilClass,7,3894.88,9/4/2025
422,Kris Sweetland,error: undefined method `first' for nil:NilClass,6,288.2,5/31/2025
423,Courtenay Devon,error: undefined method `first' for nil:NilClass,7,3179.24,5/8/2025
424,Wiatt Dye,error: undefined method `first' for nil:NilClass,6,966.73,7/11/2025
425,Joelynn Tilsley,error: undefined method `first' for nil:NilClass,9,1842.82,9/5/2025
426,Reena Lygoe,error: undefined method `first' for nil:NilClass,2,4475.82,4/6/2025
427,Rance Glasard,error: undefined method `first' for nil:NilClass,9,4767.9,12/5/2025
428,Peggie Godden,error: undefined method `first' for nil:NilClass,8,4367.81,11/11/2025
429,Mario Bright,error: undefined method `first' for nil:NilClass,8,3420.21,12/7/2025
430,Kettie Ismead,error: undefined method `first' for nil:NilClass,8,2391.64,11/30/2025
431,Raul Henstone,error: undefined method `first' for nil:NilClass,7,496.75,6/22/2025
432,Aline Brixey,error: undefined method `first' for nil:NilClass,6,1745.94,8/13/2025
433,Bebe Gentsch,error: undefined method `first' for nil:NilClass,10,4026.09,8/5/2025
434,Eduardo Ternott,error: undefined method `first' for nil:NilClass,5,1017.75,7/19/2025
435,Roderic Brikner,error: undefined method `first' for nil:NilClass,2,2576.5,7/12/2025
436,Moira Gwinnel,error: undefined method `first' for nil:NilClass,5,2068.02,1/11/2025
437,Katalin Barnfield,error: undefined method `first' for nil:NilClass,6,608.09,10/25/2025
438,Malcolm Ripley,error: undefined method `first' for nil:NilClass,4,2458.38,5/27/2025
439,Langston Coggan,error: undefined method `first' for nil:NilClass,3,4255.78,2/22/2025
440,Shep Adger,error: undefined method `first' for nil:NilClass,6,535.13,6/21/2025
441,Clarabelle Edleston,error: undefined method `first' for nil:NilClass,7,3340.51,8/28/2025
442,Eulalie Bengtsen,error: undefined method `first' for nil:NilClass,4,1401.06,1/21/2025
443,Cordie De Launde,error: undefined method `first' for nil:NilClass,4,1855.71,2/1/2025
444,Page Neicho,error: undefined method `first' for nil:NilClass,6,1259.91,10/4/2025
445,Anni Warratt,error: undefined method `first' for nil:NilClass,3,4408.81,4/8/2025
446,Lowe Collins,error: undefined method `first' for nil:NilClass,1,4088.32,5/25/2025
447,Jamey Kermott,error: undefined method `first' for nil:NilClass,1,732.07,6/5/2025
448,Gabbie Petrol,error: undefined method `first' for nil:NilClass,1,2756.21,12/22/2025
449,Iorgo Newe,error: undefined method `first' for nil:NilClass,3,4544.37,3/1/2025
450,Eachelle Jira,error: undefined method `first' for nil:NilClass,3,1206.51,11/13/2025
451,Elijah Cowans,error: undefined method `first' for nil:NilClass,6,1317.82,11/4/2025
452,Eimile Schuricke,error: undefined method `first' for nil:NilClass,9,3422.48,3/29/2025
453,Giacopo Calbaithe,error: undefined method `first' for nil:NilClass,10,3652.36,7/29/2025
454,Amandy Good,error: undefined method `first' for nil:NilClass,4,2719.05,12/8/2025
455,Olimpia Pantlin,error: undefined method `first' for nil:NilClass,10,1299.04,3/9/2025
456,Wyatan Brodest,error: undefined method `first' for nil:NilClass,5,3924.24,11/9/2025
457,Ashley Vasilov,error: undefined method `first' for nil:NilClass,3,1511.92,8/17/2025
458,Gawen Rumford,error: undefined method `first' for nil:NilClass,2,4270.17,1/26/2025
459,Virginie Cassie,error: undefined method `first' for nil:NilClass,2,3574.88,2/25/2025
460,Joann Vesque,error: undefined method `first' for nil:NilClass,8,817.79,3/16/2025
461,Tremayne MacMickan,error: undefined method `first' for nil:NilClass,3,850.11,1/27/2025
462,Owen Curragh,error: undefined method `first' for nil:NilClass,10,451.41,2/26/2025
463,Claudia Wahlberg,error: undefined method `first' for nil:NilClass,3,3559.74,3/9/2025
464,Charmain McCrudden,error: undefined method `first' for nil:NilClass,9,1521.06,3/23/2025
465,Oralia Powland,error: undefined method `first' for nil:NilClass,10,2742.96,1/3/2025
466,Mandie Mellows,error: undefined method `first' for nil:NilClass,2,1199.65,9/9/2025
467,Benny Swannack,error: undefined method `first' for nil:NilClass,10,1686.01,6/19/2025
468,Cordell Francklin,error: undefined method `first' for nil:NilClass,8,1223.86,9/24/2025
469,Web Lensch,error: undefined method `first' for nil:NilClass,1,4839.44,12/6/2025
470,Chad Barriball,error: undefined method `first' for nil:NilClass,2,2003.85,7/5/2025
471,Sophia Eberz,error: undefined method `first' for nil:NilClass,3,1052.28,4/26/2025
472,Tore Kemish,error: undefined method `first' for nil:NilClass,4,2312.93,12/26/2025
473,Alasdair Coleby,error: undefined method `first' for nil:NilClass,7,1356.91,12/15/2025
474,Lethia Smaile,error: undefined method `first' for nil:NilClass,8,4591.79,5/17/2025
475,Mitchel Bernaldo,error: undefined method `first' for nil:NilClass,4,4478.71,1/14/2025
476,Merle Duhig,error: undefined method `first' for nil:NilClass,6,4330.89,12/14/2025
477,Hanny Cornbill,error: undefined method `first' for nil:NilClass,7,4789.36,8/4/2025
478,Rollo Barthrup,error: undefined method `first' for nil:NilClass,3,2586.11,6/12/2025
479,Norman Deane,error: undefined method `first' for nil:NilClass,6,2545.27,3/25/2025
480,Genni Pickover,error: undefined method `first' for nil:NilClass,3,3490.79,11/16/2025
481,Jo-anne McGrotty,error: undefined method `first' for nil:NilClass,8,2821.52,7/18/2025
482,Tiffanie Flacke,error: undefined method `first' for nil:NilClass,3,3795.3,10/2/2025
483,Kori McVie,error: undefined method `first' for nil:NilClass,5,4089.05,2/8/2025
484,Talya Tullett,error: undefined method `first' for nil:NilClass,10,3445.87,11/11/2025
485,Brietta McAtamney,error: undefined method `first' for nil:NilClass,3,4224.94,9/13/2025
486,Britte Rugieri,error: undefined method `first' for nil:NilClass,8,600.87,7/16/2025
487,Aleece Conaghy,error: undefined method `first' for nil:NilClass,4,2658.53,7/14/2025
488,Kati Whipple,error: undefined method `first' for nil:NilClass,7,4712.51,12/14/2025
489,Collie De Zuani,error: undefined method `first' for nil:NilClass,7,1442.82,9/29/2025
490,Jayne De Hoogh,error: undefined method `first' for nil:NilClass,8,3738.57,1/26/2025
491,Ode Meere,error: undefined method `first' for nil:NilClass,3,4150.61,8/23/2025
492,Reynard MacCague,error: undefined method `first' for nil:NilClass,1,4113.96,10/2/2025
493,Niall Alred,error: undefined method `first' for nil:NilClass,3,96.14,5/19/2025
494,Dorotea Lassetter,error: undefined method `first' for nil:NilClass,2,11.32,9/9/2025
495,Kenton Beurich,error: undefined method `first' for nil:NilClass,5,3452.98,11/9/2025
496,Steve Soares,error: undefined method `first' for nil:NilClass,2,2943.61,5/26/2025
497,Drucill Tedstone,error: undefined method `first' for nil:NilClass,8,483.48,11/7/2025
498,Mikel Yo,error: undefined method `first' for nil:NilClass,2,633.12,11/28/2025
499,Amargo Hatliff,error: undefined method `first' for nil:NilClass,7,1595.35,6/23/2025
500,Paige Selvester,error: undefined method `first' for nil:NilClass,3,1229.1,7/3/2025
501,Wells Ert,error: undefined method `first' for nil:NilClass,3,3600.81,7/16/2025
502,Luelle Smithson,error: undefined method `first' for nil:NilClass,7,25.88,1/19/2025
503,Bertrando Allcorn,error: undefined method `first' for nil:NilClass,4,1999.02,12/6/2025
504,Ulrick Payfoot,error: undefined method `first' for nil:NilClass,1,3067.32,12/26/2025
505,Henri Shadrack,error: undefined method `first' for nil:NilClass,3,1782.4,5/27/2025
506,Martino Gregolotti,error: undefined method `first' for nil:NilClass,6,3367.57,4/23/2025
507,Rollin O'Carmody,error: undefined method `first' for nil:NilClass,3,1643.18,5/27/2025
508,Emalia Crat,error: undefined method `first' for nil:NilClass,9,4948.37,3/10/2025
509,Shell Vedekhin,error: undefined method `first' for nil:NilClass,6,2016.99,3/4/2025
510,Ketty Andrez,error: undefined method `first' for nil:NilClass,3,1470.55,1/7/2025
511,Currey Rundle,error: undefined method `first' for nil:NilClass,9,3453.16,12/20/2025
512,Raleigh De Carteret,error: undefined method `first' for nil:NilClass,10,289.07,1/6/2025
513,Daune Rippingale,error: undefined method `first' for nil:NilClass,7,3229.13,2/26/2025
514,Marylee Manion,error: undefined method `first' for nil:NilClass,3,1933.39,2/27/2025
515,Haskel Sim,error: undefined method `first' for nil:NilClass,6,299.64,3/9/2025
516,Wilhelmine Sabate,error: undefined method `first' for nil:NilClass,10,818.28,1/28/2025
517,Kevan Bourges,error: undefined method `first' for nil:NilClass,7,810.76,7/2/2025
518,Camila Melendez,error: undefined method `first' for nil:NilClass,9,4979.25,9/11/2025
519,Guenna Dalziel,error: undefined method `first' for nil:NilClass,2,1840.82,11/19/2025
520,Devina Ruskin,error: undefined method `first' for nil:NilClass,8,4053.66,3/2/2025
521,Guss Grissett,error: undefined method `first' for nil:NilClass,2,853.62,7/1/2025
522,Chelsae Erangy,error: undefined method `first' for nil:NilClass,8,1015.51,10/8/2025
523,Luise Thomesson,error: undefined method `first' for nil:NilClass,10,4779.17,6/30/2025
524,Ruthi Deetch,error: undefined method `first' for nil:NilClass,8,4828.58,1/4/2025
525,Joey Ottley,error: undefined method `first' for nil:NilClass,4,1943.58,10/2/2025
526,Constantino Okker,error: undefined method `first' for nil:NilClass,4,3999.81,8/15/2025
527,Elladine Sear,error: undefined method `first' for nil:NilClass,1,3434.16,2/27/2025
528,Artus Fosten,error: undefined method `first' for nil:NilClass,5,3952.09,1/12/2025
529,Linnie Dykes,error: undefined method `first' for nil:NilClass,10,3913.03,10/26/2025
530,De witt Hamberston,error: undefined method `first' for nil:NilClass,8,1438.27,3/20/2025
531,Happy Feldfisher,error: undefined method `first' for nil:NilClass,2,2857.58,12/3/2025
532,Valdemar Durand,error: undefined method `first' for nil:NilClass,10,3085.22,6/23/2025
533,Darelle Kemshell,error: undefined method `first' for nil:NilClass,5,4837.72,7/18/2025
534,Porter Bellfield,error: undefined method `first' for nil:NilClass,4,2937.06,11/19/2025
535,Tessie Commings,error: undefined method `first' for nil:NilClass,1,2519.69,5/17/2025
536,Marilee Kuller,error: undefined method `first' for nil:NilClass,8,2055.47,7/23/2025
537,Kit Hayesman,error: undefined method `first' for nil:NilClass,9,4061.94,11/20/2025
538,Gertie Klebes,error: undefined method `first' for nil:NilClass,8,2681.28,3/16/2025
539,Jakie Kennedy,error: undefined method `first' for nil:NilClass,7,4349.87,8/17/2025
540,Nicole Delepine,error: undefined method `first' for nil:NilClass,3,3396.48,1/4/2025
541,George Mattessen,error: undefined method `first' for nil:NilClass,2,3422.66,9/22/2025
542,Corty Studdeard,error: undefined method `first' for nil:NilClass,5,3789.24,1/3/2025
543,Tommie Greetland,error: undefined method `first' for nil:NilClass,3,326.9,10/12/2025
544,Maurita Thornthwaite,error: undefined method `first' for nil:NilClass,2,3135.74,3/28/2025
545,Jillie Scrowton,error: undefined method `first' for nil:NilClass,7,615.5,12/6/2025
546,Hermy Slora,error: undefined method `first' for nil:NilClass,10,292.24,5/22/2025
547,Heindrick Ceney,error: undefined method `first' for nil:NilClass,8,4776.42,1/19/2025
548,Horace Silverthorn,error: undefined method `first' for nil:NilClass,6,3018.79,4/18/2025
549,Marylee Feehery,error: undefined method `first' for nil:NilClass,3,3470.98,7/18/2025
550,Tiff Preene,error: undefined method `first' for nil:NilClass,3,68.15,2/13/2025
551,Mureil Common,error: undefined method `first' for nil:NilClass,7,3785.16,1/26/2025
552,Veronica Edghinn,error: undefined method `first' for nil:NilClass,9,2355.97,5/1/2025
553,Demetra Lanchberry,error: undefined method `first' for nil:NilClass,8,3415.14,11/30/2025
554,Bowie Collett,error: undefined method `first' for nil:NilClass,7,1506.31,11/24/2025
555,Christel Plume,error: undefined method `first' for nil:NilClass,9,20.9,2/1/2025
556,Prent Dressel,error: undefined method `first' for nil:NilClass,5,1840.51,9/21/2025
557,Abbe Lavrick,error: undefined method `first' for nil:NilClass,2,917.68,8/7/2025
558,Maryann Ryburn,error: undefined method `first' for nil:NilClass,8,2019.31,9/22/2025
559,Gael Bonus,error: undefined method `first' for nil:NilClass,1,3070.59,4/28/2025
560,Karlotta Noor,error: undefined method `first' for nil:NilClass,5,1060.4,3/15/2025
561,Corenda Beadles,error: undefined method `first' for nil:NilClass,4,2030.79,12/4/2025
562,Francisco Truss,error: undefined method `first' for nil:NilClass,6,2311.83,11/6/2025
563,Reed Schistl,error: undefined method `first' for nil:NilClass,1,3741.46,7/19/2025
564,Saree O'Hear,error: undefined method `first' for nil:NilClass,1,591.09,6/2/2025
565,Wini Eilhertsen,error: undefined method `first' for nil:NilClass,10,4162.93,12/9/2025
566,Jobina Shubotham,error: undefined method `first' for nil:NilClass,6,2807.51,1/10/2025
567,Erl Wiggington,error: undefined method `first' for nil:NilClass,2,3968.42,7/1/2025
568,Janaya Hartburn,error: undefined method `first' for nil:NilClass,6,3922.62,6/21/2025
569,Wolfgang Jakubczyk,error: undefined method `first' for nil:NilClass,5,4562.72,1/20/2025
570,Giralda Yurinov,error: undefined method `first' for nil:NilClass,8,1272.68,2/17/2025
571,Aldo Wisher,error: undefined method `first' for nil:NilClass,7,1479.5,7/27/2025
572,Gisella Lardeur,error: undefined method `first' for nil:NilClass,3,3143.56,11/28/2025
573,Milena Le Noir,error: undefined method `first' for nil:NilClass,4,36.04,4/2/2025
574,Gaynor Balkwill,error: undefined method `first' for nil:NilClass,1,3134.12,12/1/2025
575,Bradford Atto,error: undefined method `first' for nil:NilClass,10,3379.61,5/31/2025
576,Art Rait,error: undefined method `first' for nil:NilClass,3,3066.2,11/14/2025
577,Adolf Bilovsky,error: undefined method `first' for nil:NilClass,5,334.74,8/26/2025
578,Frankie Sabey,error: undefined method `first' for nil:NilClass,4,1740.22,1/9/2025
579,Orel Picot,error: undefined method `first' for nil:NilClass,2,1795.46,9/23/2025
580,Richmound Cosins,error: undefined method `first' for nil:NilClass,2,472.9,4/15/2025
581,Harman Goodey,error: undefined method `first' for nil:NilClass,8,2466.72,1/1/2025
582,Tootsie Ghilardi,error: undefined method `first' for nil:NilClass,9,2246.87,10/2/2025
583,Bentley Portail,error: undefined method `first' for nil:NilClass,7,463.36,1/30/2025
584,Mitch Muzzillo,error: undefined method `first' for nil:NilClass,7,4395.28,2/11/2025
585,Carney Lapslie,error: undefined method `first' for nil:NilClass,10,4783.03,9/18/2025
586,Rosana Itzhaiek,error: undefined method `first' for nil:NilClass,2,2190.46,8/5/2025
587,Monti Elliman,error: undefined method `first' for nil:NilClass,3,3278.36,12/24/2025
588,Celina Itshak,error: undefined method `first' for nil:NilClass,2,4593.68,1/24/2025
589,Nicolle McLevie,error: undefined method `first' for nil:NilClass,2,3218.42,6/21/2025
590,Vinson Lloyd,error: undefined method `first' for nil:NilClass,2,2848.42,2/4/2025
591,Charlton Jelf,error: undefined method `first' for nil:NilClass,10,2040.44,1/20/2025
592,Harlan Coope,error: undefined method `first' for nil:NilClass,3,1657.99,10/14/2025
593,Audrie Gaitley,error: undefined method `first' for nil:NilClass,1,110.38,2/11/2025
594,Dania Swansbury,error: undefined method `first' for nil:NilClass,7,297.39,5/30/2025
595,Anneliese Asplen,error: undefined method `first' for nil:NilClass,1,3127.89,7/13/2025
596,Gerald Tapper,error: undefined method `first' for nil:NilClass,10,2463.84,6/30/2025
597,Farris Tookill,error: undefined method `first' for nil:NilClass,5,2440.17,6/13/2025
598,Herold Lewsley,error: undefined method `first' for nil:NilClass,10,3747.98,1/31/2025
599,Griffy Jarlmann,error: undefined method `first' for nil:NilClass,8,3027.44,1/2/2025
600,Allis Spours,error: undefined method `first' for nil:NilClass,6,1934.44,4/9/2025
601,Billie Mattei,error: undefined method `first' for nil:NilClass,6,2909.46,11/16/2025
602,Kelby Mazzei,error: undefined method `first' for nil:NilClass,9,2300.13,11/8/2025
603,Karly Faragher,error: undefined method `first' for nil:NilClass,3,2308.93,4/3/2025
604,Brigham Galego,error: undefined method `first' for nil:NilClass,6,2979.86,12/28/2025
605,Andras Allabarton,error: undefined method `first' for nil:NilClass,7,2562.93,12/3/2025
606,Patten Rayment,error: undefined method `first' for nil:NilClass,5,3317.42,3/23/2025
607,Marlo Meiner,error: undefined method `first' for nil:NilClass,10,180.68,2/8/2025
608,Willi Girdler,error: undefined method `first' for nil:NilClass,2,4135.74,11/9/2025
609,Millard Okroy,error: undefined method `first' for nil:NilClass,8,3544.01,9/14/2025
610,Claudie Halfpenny,error: undefined method `first' for nil:NilClass,3,3294.91,2/20/2025
611,Corissa Brindle,error: undefined method `first' for nil:NilClass,5,1011.08,8/9/2025
612,Renee Ragsdale,error: undefined method `first' for nil:NilClass,1,1549.84,9/6/2025
613,Donnell Blabey,error: undefined method `first' for nil:NilClass,1,2188.49,11/21/2025
614,Karrah Drysdale,error: undefined method `first' for nil:NilClass,4,2436.24,1/28/2025
615,Guglielmo Coneybeare,error: undefined method `first' for nil:NilClass,10,988.14,7/16/2025
616,Caro Maile,error: undefined method `first' for nil:NilClass,8,3686.15,9/15/2025
617,Briny Bogart,error: undefined method `first' for nil:NilClass,5,3356.72,5/13/2025
618,Otho Buddington,error: undefined method `first' for nil:NilClass,2,100.68,4/16/2025
619,Flory Doyley,error: undefined method `first' for nil:NilClass,4,4563.99,3/10/2025
620,Araldo Freeland,error: undefined method `first' for nil:NilClass,4,2863.82,11/10/2025
621,Jaquenetta Bortol,error: undefined method `first' for nil:NilClass,5,1903.21,1/17/2025
622,Konrad Whebell,error: undefined method `first' for nil:NilClass,1,3474.2,12/11/2025
623,Tiena Lindstedt,error: undefined method `first' for nil:NilClass,7,1197.9,11/15/2025
624,Cymbre Bramwell,error: undefined method `first' for nil:NilClass,2,4174.41,11/4/2025
625,Robby Bilbie,error: undefined method `first' for nil:NilClass,8,4308.65,7/21/2025
626,Jeri Bilham,error: undefined method `first' for nil:NilClass,8,815.11,5/30/2025
627,Catina Sanchis,error: undefined method `first' for nil:NilClass,6,1540.78,2/27/2025
628,Virge Gajewski,error: undefined method `first' for nil:NilClass,2,3046.94,3/31/2025
629,Giselle Buxsy,error: undefined method `first' for nil:NilClass,8,1829.46,1/31/2025
630,Loydie Buchan,error: undefined method `first' for nil:NilClass,7,1947.05,10/8/2025
631,Cosmo Knell,error: undefined method `first' for nil:NilClass,9,1995.88,4/28/2025
632,Ariadne Hiscocks,error: undefined method `first' for nil:NilClass,8,3475.94,7/3/2025
633,Juieta Benedict,error: undefined method `first' for nil:NilClass,4,1199.92,10/26/2025
634,Meier Stallion,error: undefined method `first' for nil:NilClass,6,4127.49,7/15/2025
635,Yorgo Rupp,error: undefined method `first' for nil:NilClass,10,4421.8,5/2/2025
636,Giacobo Fills,error: undefined method `first' for nil:NilClass,8,2845.99,4/19/2025
637,Mill Mussolini,error: undefined method `first' for nil:NilClass,1,289.62,12/7/2025
638,Syman Goldes,error: undefined method `first' for nil:NilClass,1,2866.36,12/8/2025
639,Gay Arsmith,error: undefined method `first' for nil:NilClass,9,2177.31,6/5/2025
640,Myles Brashaw,error: undefined method `first' for nil:NilClass,4,43.74,2/11/2025
641,Hyacinthe Durn,error: undefined method `first' for nil:NilClass,4,2045.64,6/24/2025
642,Efrem Beine,error: undefined method `first' for nil:NilClass,4,2031.38,7/6/2025
643,Carole Eschalotte,error: undefined method `first' for nil:NilClass,10,2498.89,1/25/2025
644,Lucia Oddy,error: undefined method `first' for nil:NilClass,8,1005.1,1/27/2025
645,Tandi Abbyss,error: undefined method `first' for nil:NilClass,8,2948.84,12/8/2025
646,Cal Whinray,error: undefined method `first' for nil:NilClass,5,4546.53,4/26/2025
647,Urbanus Sea,error: undefined method `first' for nil:NilClass,10,2716.37,11/17/2025
648,Isahella Mees,error: undefined method `first' for nil:NilClass,5,4953.91,6/17/2025
649,Oates Denny,error: undefined method `first' for nil:NilClass,6,441.78,10/30/2025
650,Hermy McLanachan,error: undefined method `first' for nil:NilClass,8,925.36,11/3/2025
651,Nellie Chrystie,error: undefined method `first' for nil:NilClass,3,3738.87,5/26/2025
652,Jarib De Rechter,error: undefined method `first' for nil:NilClass,5,2065.75,8/4/2025
653,Lacey Fish,error: undefined method `first' for nil:NilClass,5,3053.26,2/1/2025
654,Lisetta Hendrix,error: undefined method `first' for nil:NilClass,6,98.53,8/18/2025
655,Alis Coiley,error: undefined method `first' for nil:NilClass,6,2014.1,12/3/2025
656,Kathryne Mawtus,error: undefined method `first' for nil:NilClass,2,4213.72,7/24/2025
657,Iver Nelthorpe,error: undefined method `first' for nil:NilClass,9,4241.23,3/4/2025
658,Meagan Stouther,error: undefined method `first' for nil:NilClass,2,3022.97,8/1/2025
659,Tucker Woolham,error: undefined method `first' for nil:NilClass,10,4235.27,7/5/2025
660,Breanne Rendle,error: undefined method `first' for nil:NilClass,9,1300.59,5/22/2025
661,Bearnard Chasmor,error: undefined method `first' for nil:NilClass,9,2656.34,6/18/2025
662,Erica Banishevitz,error: undefined method `first' for nil:NilClass,6,2948.02,1/30/2025
663,Omero Kindall,error: undefined method `first' for nil:NilClass,6,1153.49,8/2/2025
664,Egbert Wessel,error: undefined method `first' for nil:NilClass,6,4612.88,9/22/2025
665,Ileane Tremellier,error: undefined method `first' for nil:NilClass,5,4094.94,3/5/2025
666,Quinn Wolters,error: undefined method `first' for nil:NilClass,8,4727.3,10/23/2025
667,Skell Petrasch,error: undefined method `first' for nil:NilClass,6,4093.42,6/12/2025
668,Kira Wager,error: undefined method `first' for nil:NilClass,10,1282.98,5/19/2025
669,Connie Watters,error: undefined method `first' for nil:NilClass,5,3811.87,11/30/2025
670,Eduino Duggan,error: undefined method `first' for nil:NilClass,5,3800.13,4/28/2025
671,Alica Richin,error: undefined method `first' for nil:NilClass,2,1752.64,10/19/2025
672,Lizette Dempster,error: undefined method `first' for nil:NilClass,4,3305.14,11/27/2025
673,Curran Rylance,error: undefined method `first' for nil:NilClass,6,1846.07,3/9/2025
674,Kendre Dalgarnocht,error: undefined method `first' for nil:NilClass,7,321.28,7/30/2025
675,Bevvy Ridgers,error: undefined method `first' for nil:NilClass,7,1543.33,2/26/2025
676,Tammy Demageard,error: undefined method `first' for nil:NilClass,2,4707.48,11/26/2025
677,Victoria Estabrook,error: undefined method `first' for nil:NilClass,3,1381.74,3/6/2025
678,Nicky Gibbe,error: undefined method `first' for nil:NilClass,5,4069.85,5/27/2025
679,Tiebold Weeke,error: undefined method `first' for nil:NilClass,5,738.49,12/23/2025
680,Alex Sellner,error: undefined method `first' for nil:NilClass,10,3383.54,5/5/2025
681,Rufe Bewley,error: undefined method `first' for nil:NilClass,9,312.94,2/19/2025
682,Faber Ancliffe,error: undefined method `first' for nil:NilClass,4,2677.37,12/17/2025
683,Wynn Harome,error: undefined method `first' for nil:NilClass,4,723.3,9/12/2025
684,Mildred Poff,error: undefined method `first' for nil:NilClass,5,785.36,12/2/2025
685,Michell Amiable,error: undefined method `first' for nil:NilClass,4,3362.72,2/16/2025
686,Axe Bales,error: undefined method `first' for nil:NilClass,3,2082.58,3/30/2025
687,Neda Hynard,error: undefined method `first' for nil:NilClass,2,3368.91,9/18/2025
688,Nilson Odgers,error: undefined method `first' for nil:NilClass,3,126.7,10/1/2025
689,Gillian O'Duilleain,error: undefined method `first' for nil:NilClass,10,3118.87,9/20/2025
690,Tirrell Ruffli,error: undefined method `first' for nil:NilClass,7,2927.56,6/14/2025
691,Lianna Droghan,error: undefined method `first' for nil:NilClass,1,15.18,9/9/2025
692,Pierette Hirsthouse,error: undefined method `first' for nil:NilClass,7,481.56,1/12/2025
693,Justen Smuth,error: undefined method `first' for nil:NilClass,5,4290.43,5/14/2025
694,Connie Chave,error: undefined method `first' for nil:NilClass,6,4302.78,5/8/2025
695,Beth Kohtler,error: undefined method `first' for nil:NilClass,6,4711.48,9/25/2025
696,Yettie Gaymar,error: undefined method `first' for nil:NilClass,2,1238.58,8/15/2025
697,Conny Graben,error: undefined method `first' for nil:NilClass,1,782.18,6/20/2025
698,Falito Premble,error: undefined method `first' for nil:NilClass,1,356.97,7/6/2025
699,Cathe Trittam,error: undefined method `first' for nil:NilClass,10,1415.08,8/3/2025
700,Kalindi Janda,error: undefined method `first' for nil:NilClass,6,647.51,10/12/2025
701,Alf McDuff,error: undefined method `first' for nil:NilClass,6,3827.08,3/28/2025
702,Linn Dryden,error: undefined method `first' for nil:NilClass,10,3764.14,2/3/2025
703,Rodrick Yanyshev,error: undefined method `first' for nil:NilClass,10,1139.11,7/5/2025
704,Kenon McWhin,error: undefined method `first' for nil:NilClass,3,266.91,2/10/2025
705,Nerita Pinnere,error: undefined method `first' for nil:NilClass,9,3205.77,2/25/2025
706,Wynnie Cadlock,error: undefined method `first' for nil:NilClass,8,1275.25,9/28/2025
707,Michaella Tretwell,error: undefined method `first' for nil:NilClass,8,1043.37,3/19/2025
708,Ginnifer Eddow,error: undefined method `first' for nil:NilClass,9,4885.0,6/18/2025
709,Lana Nichols,error: undefined method `first' for nil:NilClass,5,829.87,2/23/2025
710,Rurik Yakovliv,error: undefined method `first' for nil:NilClass,3,2091.39,2/26/2025
711,Calypso Fine,error: undefined method `first' for nil:NilClass,2,3837.87,3/2/2025
712,Townsend Iuorio,error: undefined method `first' for nil:NilClass,10,240.35,9/18/2025
713,Aron Kynton,error: undefined method `first' for nil:NilClass,7,2372.08,8/13/2025
714,Rosemarie Minshaw,error: undefined method `first' for nil:NilClass,8,504.32,4/18/2025
715,Dwight Sunner,error: undefined method `first' for nil:NilClass,3,3547.04,11/9/2025
716,Murielle MacGinney,error: undefined method `first' for nil:NilClass,6,3832.96,9/26/2025
717,Alaster Alfwy,error: undefined method `first' for nil:NilClass,1,1603.71,8/30/2025
718,Kaylee Chantree,error: undefined method `first' for nil:NilClass,6,1371.82,12/19/2025
719,Enos Tunsley,error: undefined method `first' for nil:NilClass,7,1786.19,5/24/2025
720,Patrizius Ballintyne,error: undefined method `first' for nil:NilClass,1,941.99,7/30/2025
721,Darrin Saphir,error: undefined method `first' for nil:NilClass,8,4118.81,5/19/2025
722,Maryjane Bauchop,error: undefined method `first' for nil:NilClass,8,4205.65,1/29/2025
723,Ferdy Scritch,error: undefined method `first' for nil:NilClass,6,4324.6,7/6/2025
724,Netta Papa,error: undefined method `first' for nil:NilClass,10,264.68,8/12/2025
725,Wenonah Warhurst,error: undefined method `first' for nil:NilClass,5,3312.95,1/27/2025
726,Kendall Suddick,error: undefined method `first' for nil:NilClass,4,529.87,3/5/2025
727,Thorn Banbrigge,error: undefined method `first' for nil:NilClass,6,3275.53,2/1/2025
728,Sher Pannett,error: undefined method `first' for nil:NilClass,5,4913.51,10/31/2025
729,Cora Razoux,error: undefined method `first' for nil:NilClass,8,91.01,5/14/2025
730,Lilia De Freitas,error: undefined method `first' for nil:NilClass,2,4237.41,9/22/2025
731,Brandon Dunkinson,error: undefined method `first' for nil:NilClass,8,2260.1,3/20/2025
732,Gwenora Kordes,error: undefined method `first' for nil:NilClass,1,1060.72,1/25/2025
733,Carly Bolino,error: undefined method `first' for nil:NilClass,6,1213.76,4/25/2025
734,Tadd Bush,error: undefined method `first' for nil:NilClass,6,3388.2,4/11/2025
735,Caleb Eustanch,error: undefined method `first' for nil:NilClass,7,1102.24,9/10/2025
736,Meryl Paylie,error: undefined method `first' for nil:NilClass,1,1034.1,11/3/2025
737,Constantino Dumbrill,error: undefined method `first' for nil:NilClass,9,2674.08,8/8/2025
738,Andonis Harrill,error: undefined method `first' for nil:NilClass,9,874.75,3/4/2025
739,Amelia Odney,error: undefined method `first' for nil:NilClass,8,954.64,12/23/2025
740,Julianne Broomfield,error: undefined method `first' for nil:NilClass,4,4023.16,1/16/2025
741,Penelopa Heifer,error: undefined method `first' for nil:NilClass,9,855.18,2/6/2025
742,Breanne Tours,error: undefined method `first' for nil:NilClass,3,2917.2,7/23/2025
743,Lexy Lettsom,error: undefined method `first' for nil:NilClass,4,4400.84,12/16/2025
744,Ermentrude Cocozza,error: undefined method `first' for nil:NilClass,9,1993.0,10/9/2025
745,Hephzibah Bellham,error: undefined method `first' for nil:NilClass,6,614.6,6/2/2025
746,Newton Alejandri,error: undefined method `first' for nil:NilClass,9,4220.93,1/2/2025
747,Hugues Genese,error: undefined method `first' for nil:NilClass,2,2414.95,6/7/2025
748,Packston Horick,error: undefined method `first' for nil:NilClass,1,2633.87,12/3/2025
749,Eleanora Gilpillan,error: undefined method `first' for nil:NilClass,9,2570.88,9/25/2025
750,Emmalynne Greetland,error: undefined method `first' for nil:NilClass,3,1812.85,4/7/2025
751,Ophelie Treversh,error: undefined method `first' for nil:NilClass,4,4405.2,2/28/2025
752,Kearney D'Agostino,error: undefined method `first' for nil:NilClass,8,2228.05,12/13/2025
753,Sherwynd Rizzillo,error: undefined method `first' for nil:NilClass,3,4496.13,10/9/2025
754,Clarice Bulley,error: undefined method `first' for nil:NilClass,8,2119.42,4/16/2025
755,Wendeline Barrim,error: undefined method `first' for nil:NilClass,3,1283.65,5/20/2025
756,Tawnya Sevin,error: undefined method `first' for nil:NilClass,2,1496.66,9/19/2025
757,Lucie Drawmer,error: undefined method `first' for nil:NilClass,3,1689.21,5/3/2025
758,Wilhelm Fuchs,error: undefined method `first' for nil:NilClass,4,4971.65,4/19/2025
759,Suzette Colvin,error: undefined method `first' for nil:NilClass,7,1785.34,3/18/2025
760,Agathe Folbige,error: undefined method `first' for nil:NilClass,2,3224.44,1/15/2025
761,Flemming Syddon,error: undefined method `first' for nil:NilClass,6,2592.6,5/9/2025
762,Stavro Cleve,error: undefined method `first' for nil:NilClass,6,4548.7,4/9/2025
763,Thorsten Tinman,error: undefined method `first' for nil:NilClass,3,1986.91,1/6/2025
764,Steward Foreman,error: undefined method `first' for nil:NilClass,8,121.37,3/29/2025
765,Amery Fucher,error: undefined method `first' for nil:NilClass,10,1647.02,9/2/2025
766,Audrye O'Cannan,error: undefined method `first' for nil:NilClass,6,1715.15,2/3/2025
767,Tammy Grinyakin,error: undefined method `first' for nil:NilClass,8,489.29,2/24/2025
768,Farlie Bramhill,error: undefined method `first' for nil:NilClass,9,2974.15,5/12/2025
769,Prudence Fitzer,error: undefined method `first' for nil:NilClass,2,323.78,10/7/2025
770,Benjie Guarin,error: undefined method `first' for nil:NilClass,4,1340.93,11/9/2025
771,Skye Bawdon,error: undefined method `first' for nil:NilClass,10,1985.72,5/15/2025
772,Marleah Brobeck,error: undefined method `first' for nil:NilClass,4,4139.35,5/21/2025
773,Tobey Pedroni,error: undefined method `first' for nil:NilClass,1,1056.09,4/27/2025
774,Coop Bownde,error: undefined method `first' for nil:NilClass,3,3362.1,3/22/2025
775,Phil Hullin,error: undefined method `first' for nil:NilClass,7,168.85,8/12/2025
776,Indira Flear,error: undefined method `first' for nil:NilClass,5,3521.42,12/20/2025
777,Erinn Cail,error: undefined method `first' for nil:NilClass,2,657.07,6/16/2025
778,Bliss Sommerscales,error: undefined method `first' for nil:NilClass,7,4193.29,2/10/2025
779,Lauritz Bamlett,error: undefined method `first' for nil:NilClass,10,4427.92,1/6/2025
780,Randi Fernie,error: undefined method `first' for nil:NilClass,2,671.97,8/12/2025
781,Ozzie Craddy,error: undefined method `first' for nil:NilClass,1,636.37,7/24/2025
782,Rosana Dary,error: undefined method `first' for nil:NilClass,9,3363.47,6/1/2025
783,Trixi Broadnicke,error: undefined method `first' for nil:NilClass,6,3050.56,8/18/2025
784,Chelsae Kyngdon,error: undefined method `first' for nil:NilClass,8,2759.25,6/4/2025
785,Olenka Cockcroft,error: undefined method `first' for nil:NilClass,10,773.1,1/31/2025
786,Audra Beagrie,error: undefined method `first' for nil:NilClass,9,3688.38,10/11/2025
787,Dav Want,error: undefined method `first' for nil:NilClass,5,412.5,10/23/2025
788,Carri Harberer,error: undefined method `first' for nil:NilClass,4,4788.55,1/3/2025
789,Valli Whetnell,error: undefined method `first' for nil:NilClass,6,2414.68,7/19/2025
790,Lucille Seebert,error: undefined method `first' for nil:NilClass,8,3586.66,8/25/2025
791,Syd Mallaby,error: undefined method `first' for nil:NilClass,2,29.04,4/14/2025
792,Lawton Dowdney,error: undefined method `first' for nil:NilClass,9,333.97,2/8/2025
793,Allison Jahncke,error: undefined method `first' for nil:NilClass,8,3723.62,2/1/2025
794,Debee Dondon,error: undefined method `first' for nil:NilClass,7,4469.09,12/23/2025
795,Arv Natte,error: undefined method `first' for nil:NilClass,5,2734.16,10/31/2025
796,Roze Mathet,error: undefined method `first' for nil:NilClass,9,2501.48,1/25/2025
797,Marika Colby,error: undefined method `first' for nil:NilClass,8,3698.78,7/10/2025
798,Doro Keyme,error: undefined method `first' for nil:NilClass,2,242.77,4/17/2025
799,Ronny Threadgould,error: undefined method `first' for nil:NilClass,3,200.29,6/25/2025
800,Brock Leyban,error: undefined method `first' for nil:NilClass,4,3907.77,8/1/2025
801,Delphine Lassen,error: undefined method `first' for nil:NilClass,5,4256.66,4/18/2025
802,Maryrose Backhouse,error: undefined method `first' for nil:NilClass,5,757.75,1/1/2025
803,Jasmin Sansum,error: undefined method `first' for nil:NilClass,10,2377.42,6/28/2025
804,Kiley Dulwitch,error: undefined method `first' for nil:NilClass,4,2613.92,8/16/2025
805,Tory Durning,error: undefined method `first' for nil:NilClass,9,2722.35,8/4/2025
806,Bert Inglefield,error: undefined method `first' for nil:NilClass,2,1362.1,6/30/2025
807,Jaclyn McIlwain,error: undefined method `first' for nil:NilClass,5,4118.71,9/23/2025
808,Halimeda Catley,error: undefined method `first' for nil:NilClass,8,3512.89,1/21/2025
809,Shawn Tearny,error: undefined method `first' for nil:NilClass,6,1354.48,10/5/2025
810,Irv MacKnocker,error: undefined method `first' for nil:NilClass,10,4919.71,12/12/2025
811,Jakie Newing,error: undefined method `first' for nil:NilClass,1,3956.75,4/15/2025
812,Melisse O' Brian,error: undefined method `first' for nil:NilClass,2,4650.7,11/29/2025
813,Garnet Rallings,error: undefined method `first' for nil:NilClass,9,3245.01,11/20/2025
814,Currie Claige,error: undefined method `first' for nil:NilClass,1,655.63,6/15/2025
815,Akim Cejka,error: undefined method `first' for nil:NilClass,1,1745.3,4/23/2025
816,Kinna Van Oort,error: undefined method `first' for nil:NilClass,1,3453.84,5/1/2025
817,Viole Macguire,error: undefined method `first' for nil:NilClass,10,2709.78,6/22/2025
818,Maris McCourtie,error: undefined method `first' for nil:NilClass,5,145.09,1/27/2025
819,Artemus Clooney,error: undefined method `first' for nil:NilClass,6,2196.18,10/6/2025
820,Joelynn Leber,error: undefined method `first' for nil:NilClass,9,2924.64,11/17/2025
821,Coralie Norewood,error: undefined method `first' for nil:NilClass,2,3106.97,10/21/2025
822,Giorgio Bodill,error: undefined method `first' for nil:NilClass,9,4554.55,3/10/2025
823,Cordelia Pobjoy,error: undefined method `first' for nil:NilClass,10,189.67,7/29/2025
824,Annemarie Bantham,error: undefined method `first' for nil:NilClass,3,1528.05,11/21/2025
825,Abagail Whatmough,error: undefined method `first' for nil:NilClass,5,753.3,12/8/2025
826,Shell Cregg,error: undefined method `first' for nil:NilClass,8,1443.57,9/10/2025
827,Justin Sherrock,error: undefined method `first' for nil:NilClass,6,4700.19,12/18/2025
828,Wilona De Micoli,error: undefined method `first' for nil:NilClass,7,74.41,1/27/2025
829,Any Vanini,error: undefined method `first' for nil:NilClass,5,2125.11,9/2/2025
830,Vanny Deschelle,error: undefined method `first' for nil:NilClass,8,4987.9,5/15/2025
831,Ailina Sansbury,error: undefined method `first' for nil:NilClass,1,4208.47,11/30/2025
832,Lonnie Martschik,error: undefined method `first' for nil:NilClass,10,2973.06,11/7/2025
833,Dannie Rochell,error: undefined method `first' for nil:NilClass,9,3890.65,4/9/2025
834,George Coolican,error: undefined method `first' for nil:NilClass,8,3238.46,10/2/2025
835,Lyell Keyes,error: undefined method `first' for nil:NilClass,5,1263.51,7/26/2025
836,Shelton Grimmert,error: undefined method `first' for nil:NilClass,3,2849.06,7/6/2025
837,Nancy MacPeake,error: undefined method `first' for nil:NilClass,5,2650.96,9/16/2025
838,Kalinda Cornner,error: undefined method `first' for nil:NilClass,2,3104.87,6/30/2025
839,Annabel Hofton,error: undefined method `first' for nil:NilClass,1,2960.81,6/26/2025
840,Maggie Delmonti,error: undefined method `first' for nil:NilClass,5,4344.1,6/20/2025
841,Jaquenette Dunford,error: undefined method `first' for nil:NilClass,4,1172.79,4/1/2025
842,Lefty Patterson,error: undefined method `first' for nil:NilClass,4,394.69,11/1/2025
843,Jamey Yacob,error: undefined method `first' for nil:NilClass,7,2969.82,3/15/2025
844,Daisy Gardiner,error: undefined method `first' for nil:NilClass,8,4676.91,11/18/2025
845,Brand Nazareth,error: undefined method `first' for nil:NilClass,3,1899.08,10/22/2025
846,Nerita Wakeley,error: undefined method `first' for nil:NilClass,7,1688.13,8/29/2025
847,Morgan Jansema,error: undefined method `first' for nil:NilClass,6,1231.51,8/22/2025
848,Bert Roscamp,error: undefined method `first' for nil:NilClass,2,1675.1,12/27/2025
849,Murdoch Lamprecht,error: undefined method `first' for nil:NilClass,8,4334.28,8/10/2025
850,Theresita Fairlamb,error: undefined method `first' for nil:NilClass,5,1394.93,7/6/2025
851,Jessamyn Antrag,error: undefined method `first' for nil:NilClass,5,1365.25,5/22/2025
852,Eward Girdwood,error: undefined method `first' for nil:NilClass,5,1804.6,11/28/2025
853,Armin Goodin,error: undefined method `first' for nil:NilClass,8,4900.09,6/19/2025
854,Maddy Langan,error: undefined method `first' for nil:NilClass,9,2568.6,10/1/2025
855,Vladamir Canepe,error: undefined method `first' for nil:NilClass,1,4803.3,7/14/2025
856,Prince Kapelhoff,error: undefined method `first' for nil:NilClass,2,1914.44,8/7/2025
857,Raddie Adrian,error: undefined method `first' for nil:NilClass,1,4443.23,3/23/2025
858,Dacie Reavell,error: undefined method `first' for nil:NilClass,7,145.34,1/28/2025
859,Binnie Tarren,error: undefined method `first' for nil:NilClass,7,4825.33,1/17/2025
860,Cordy Lovewell,error: undefined method `first' for nil:NilClass,1,2746.88,9/2/2025
861,Tyne Struss,error: undefined method `first' for nil:NilClass,3,1949.6,8/11/2025
862,Livvy Goundsy,error: undefined method `first' for nil:NilClass,2,2718.96,10/4/2025
863,Gene Gwilym,error: undefined method `first' for nil:NilClass,3,4781.89,6/7/2025
864,Taylor Wackly,error: undefined method `first' for nil:NilClass,1,1814.42,1/18/2025
865,Rogers Brocking,error: undefined method `first' for nil:NilClass,3,4746.73,12/28/2025
866,Christyna Bendelow,error: undefined method `first' for nil:NilClass,2,3493.19,1/29/2025
867,Rozamond Quadling,error: undefined method `first' for nil:NilClass,5,607.62,7/1/2025
868,Pen Jinkin,error: undefined method `first' for nil:NilClass,5,4976.83,6/19/2025
869,Archambault Ockleshaw,error: undefined method `first' for nil:NilClass,9,2330.52,3/20/2025
870,Leanora Stickles,error: undefined method `first' for nil:NilClass,10,4493.72,9/2/2025
871,Bertie Notti,error: undefined method `first' for nil:NilClass,1,2090.06,9/13/2025
872,Dorri Sillick,error: undefined method `first' for nil:NilClass,8,202.39,7/18/2025
873,Edvard Tuting,error: undefined method `first' for nil:NilClass,10,3105.67,5/1/2025
874,Lissi Boldero,error: undefined method `first' for nil:NilClass,4,1459.14,5/3/2025
875,Hube De'Ath,error: undefined method `first' for nil:NilClass,6,2053.2,4/29/2025
876,Kellie Chartres,error: undefined method `first' for nil:NilClass,10,1312.73,11/28/2025
877,Florance MacMichael,error: undefined method `first' for nil:NilClass,1,4701.65,3/12/2025
878,Carree Lomasney,error: undefined method `first' for nil:NilClass,3,385.58,8/26/2025
879,Carney Fowgies,error: undefined method `first' for nil:NilClass,2,641.89,3/1/2025
880,Toinette Stennet,error: undefined method `first' for nil:NilClass,6,4533.49,8/13/2025
881,Bonni Koppelmann,error: undefined method `first' for nil:NilClass,5,2064.89,7/20/2025
882,Tallia Kippax,error: undefined method `first' for nil:NilClass,1,4343.74,11/4/2025
883,Brnaby Stuffins,error: undefined method `first' for nil:NilClass,6,3522.74,7/3/2025
884,Felic Stebbin,error: undefined method `first' for nil:NilClass,8,2451.52,12/13/2025
885,Jule Mossop,error: undefined method `first' for nil:NilClass,10,1234.88,9/28/2025
886,Daryl Robert,error: undefined method `first' for nil:NilClass,6,2389.89,7/19/2025
887,Corabella Goldfinch,error: undefined method `first' for nil:NilClass,3,2102.73,6/27/2025
888,Boris Avramovic,error: undefined method `first' for nil:NilClass,4,170.21,7/14/2025
889,Daune Wands,error: undefined method `first' for nil:NilClass,10,1442.96,4/15/2025
890,Deny Govini,error: undefined method `first' for nil:NilClass,6,3162.14,5/16/2025
891,Helaina Giblett,error: undefined method `first' for nil:NilClass,7,4131.2,5/30/2025
892,Michael Livingstone,error: undefined method `first' for nil:NilClass,10,267.52,5/27/2025
893,Elli Cartwright,error: undefined method `first' for nil:NilClass,10,806.61,5/15/2025
894,Jessi Sillick,error: undefined method `first' for nil:NilClass,10,4343.34,8/23/2025
895,Morgen Woolvett,error: undefined method `first' for nil:NilClass,10,4153.35,3/14/2025
896,Eugenio Rannigan,error: undefined method `first' for nil:NilClass,10,4022.49,4/25/2025
897,Germain Kynder,error: undefined method `first' for nil:NilClass,4,2692.82,7/3/2025
898,Jayson Sherrocks,error: undefined method `first' for nil:NilClass,7,609.17,7/3/2025
899,Moina MacClure,error: undefined method `first' for nil:NilClass,2,3296.87,10/2/2025
900,Seward Shiell,error: undefined method `first' for nil:NilClass,4,3095.72,12/24/2025
901,Rae Smalridge,error: undefined method `first' for nil:NilClass,10,386.32,1/29/2025
902,Melody Krochmann,error: undefined method `first' for nil:NilClass,8,4656.14,9/5/2025
903,Land Comford,error: undefined method `first' for nil:NilClass,9,271.23,2/25/2025
904,Randal Orniz,error: undefined method `first' for nil:NilClass,9,621.68,11/17/2025
905,Myrle Clerke,error: undefined method `first' for nil:NilClass,4,3111.96,8/13/2025
906,Zoe Colmore,error: undefined method `first' for nil:NilClass,2,46.41,2/14/2025
907,Louella Bartlam,error: undefined method `first' for nil:NilClass,10,3548.59,7/15/2025
908,Tully Borland,error: undefined method `first' for nil:NilClass,5,1895.21,3/2/2025
909,Adan Vannoort,error: undefined method `first' for nil:NilClass,4,3468.69,4/30/2025
910,Seth Isselee,error: undefined method `first' for nil:NilClass,3,4744.08,12/26/2025
911,Tarrah Bunton,error: undefined method `first' for nil:NilClass,2,3381.92,3/9/2025
912,Curr Ley,error: undefined method `first' for nil:NilClass,4,659.24,9/2/2025
913,Gusta Reichert,error: undefined method `first' for nil:NilClass,9,4012.6,6/30/2025
914,Sharleen Sissel,error: undefined method `first' for nil:NilClass,4,4708.9,10/17/2025
915,Sunshine Bassindale,error: undefined method `first' for nil:NilClass,6,2071.26,11/2/2025
916,Tami Brickhill,error: undefined method `first' for nil:NilClass,3,2554.66,12/20/2025
917,Deeyn Faas,error: undefined method `first' for nil:NilClass,2,805.08,10/27/2025
918,Daphene Antonomoli,error: undefined method `first' for nil:NilClass,9,342.87,12/29/2025
919,Flory Willmer,error: undefined method `first' for nil:NilClass,8,5.97,2/3/2025
920,Scarlet O'Neary,error: undefined method `first' for nil:NilClass,8,4795.76,7/25/2025
921,Kile Labern,error: undefined method `first' for nil:NilClass,1,1382.26,5/29/2025
922,Leontyne Abazi,error: undefined method `first' for nil:NilClass,7,3813.49,5/1/2025
923,Bebe Connichie,error: undefined method `first' for nil:NilClass,2,794.13,11/10/2025
924,Florette Escala,error: undefined method `first' for nil:NilClass,4,864.16,4/13/2025
925,Yancey Gavaghan,error: undefined method `first' for nil:NilClass,4,544.81,7/15/2025
926,Nalani Edmands,error: undefined method `first' for nil:NilClass,8,830.79,5/25/2025
927,Karlee Huddart,error: undefined method `first' for nil:NilClass,6,2085.02,9/2/2025
928,Dulcy Lande,error: undefined method `first' for nil:NilClass,9,4120.38,2/21/2025
929,Stevie Sinfield,error: undefined method `first' for nil:NilClass,1,4610.72,2/10/2025
930,Dinny Ridoutt,error: undefined method `first' for nil:NilClass,6,3191.07,9/14/2025
931,Ramsey Anthiftle,error: undefined method `first' for nil:NilClass,6,4926.47,10/11/2025
932,Aubry Dunrige,error: undefined method `first' for nil:NilClass,4,3323.42,9/8/2025
933,Lorita Waldera,error: undefined method `first' for nil:NilClass,7,730.47,3/2/2025
934,Sim Preddle,error: undefined method `first' for nil:NilClass,9,1612.59,4/4/2025
935,Kathie Skilbeck,error: undefined method `first' for nil:NilClass,8,4335.51,12/28/2025
936,Quincy Langrish,error: undefined method `first' for nil:NilClass,1,845.75,12/3/2025
937,Anabal Pincott,error: undefined method `first' for nil:NilClass,8,3862.69,5/7/2025
938,Mathilde Birkby,error: undefined method `first' for nil:NilClass,8,3247.33,4/6/2025
939,Hodge Marland,error: undefined method `first' for nil:NilClass,5,3351.7,11/28/2025
940,Ofilia Pardoe,error: undefined method `first' for nil:NilClass,3,4314.29,4/2/2025
941,Willi Feyer,error: undefined method `first' for nil:NilClass,6,2974.97,4/14/2025
942,Ingunna Bunclark,error: undefined method `first' for nil:NilClass,7,1795.24,4/12/2025
943,Brunhilde Galliard,error: undefined method `first' for nil:NilClass,1,4767.82,7/11/2025
944,Sibylla Rhymes,error: undefined method `first' for nil:NilClass,9,3544.08,3/18/2025
945,Franny Grenfell,error: undefined method `first' for nil:NilClass,1,595.96,11/5/2025
946,Judas Pardue,error: undefined method `first' for nil:NilClass,8,2061.11,2/8/2025
947,Madonna Kilford,error: undefined method `first' for nil:NilClass,7,4392.19,12/12/2025
948,Nappy Cuckson,error: undefined method `first' for nil:NilClass,9,2368.28,3/16/2025
949,Selma Hammel,error: undefined method `first' for nil:NilClass,8,4542.24,1/18/2025
950,Rena MacPaden,error: undefined method `first' for nil:NilClass,7,333.12,9/12/2025
951,Wake Prydie,error: undefined method `first' for nil:NilClass,3,4653.3,2/16/2025
952,Harmony Dubose,error: undefined method `first' for nil:NilClass,1,366.44,10/9/2025
953,Gianina Dufore,error: undefined method `first' for nil:NilClass,8,4763.71,2/25/2025
954,Sauveur Dunbabin,error: undefined method `first' for nil:NilClass,5,4534.95,6/24/2025
955,Wilhelm Hounsom,error: undefined method `first' for nil:NilClass,3,4894.33,7/20/2025
956,Bree Roslen,error: undefined method `first' for nil:NilClass,4,2575.74,3/30/2025
957,Harmonia Corbyn,error: undefined method `first' for nil:NilClass,9,4719.67,11/9/2025
958,Franz Seson,error: undefined method `first' for nil:NilClass,10,809.44,5/15/2025
959,Ellary Khristyukhin,error: undefined method `first' for nil:NilClass,10,4112.26,6/24/2025
960,Zebulen Gallaher,error: undefined method `first' for nil:NilClass,5,4904.07,6/28/2025
961,Salomo Vaszoly,error: undefined method `first' for nil:NilClass,5,3900.26,9/17/2025
962,Constancy Smeeton,error: undefined method `first' for nil:NilClass,8,3965.2,8/31/2025
963,Arnold Bromley,error: undefined method `first' for nil:NilClass,6,1402.06,12/8/2025
964,Jake Lardner,error: undefined method `first' for nil:NilClass,5,1654.62,10/23/2025
965,Vanni Bredes,error: undefined method `first' for nil:NilClass,3,4449.18,4/25/2025
966,Fanchette Zecchii,error: undefined method `first' for nil:NilClass,2,3322.33,10/22/2025
967,Trisha Francescone,error: undefined method `first' for nil:NilClass,6,1939.16,10/31/2025
968,Jemie Limerick,error: undefined method `first' for nil:NilClass,7,2823.44,7/1/2025
969,Eugine Partener,error: undefined method `first' for nil:NilClass,5,2068.12,4/22/2025
970,Rickie Syder,error: undefined method `first' for nil:NilClass,2,3608.27,7/15/2025
971,Albrecht Parlot,error: undefined method `first' for nil:NilClass,3,4510.52,3/7/2025
972,Willette Karchewski,error: undefined method `first' for nil:NilClass,7,289.54,8/4/2025
973,Reiko Wainer,error: undefined method `first' for nil:NilClass,4,1648.54,7/14/2025
974,Kitti Eglise,error: undefined method `first' for nil:NilClass,7,1577.62,9/9/2025
975,Pammie Brett,error: undefined method `first' for nil:NilClass,9,2465.9,8/17/2025
976,Dag Robeiro,error: undefined method `first' for nil:NilClass,10,1201.29,3/15/2025
977,Germana Lettuce,error: undefined method `first' for nil:NilClass,7,706.5,5/4/2025
978,Christopher Giordano,error: undefined method `first' for nil:NilClass,5,706.39,7/28/2025
979,Corbet Clewlow,error: undefined method `first' for nil:NilClass,1,2166.11,2/1/2025
980,Stephen Pedreschi,error: undefined method `first' for nil:NilClass,10,915.61,5/15/2025
981,Janina Keirle,error: undefined method `first' for nil:NilClass,6,4373.37,1/12/2025
982,Darda Vampouille,error: undefined method `first' for nil:NilClass,9,1386.67,11/2/2025
983,Rawley Oguz,error: undefined method `first' for nil:NilClass,1,3222.26,3/23/2025
984,Thomasa De Freyne,error: undefined method `first' for nil:NilClass,9,1668.51,5/27/2025
985,Jedediah Ogilvie,error: undefined method `first' for nil:NilClass,1,4103.3,9/26/2025
986,Linzy Rove,error: undefined method `first' for nil:NilClass,4,2870.7,10/31/2025
987,Sissy Minear,error: undefined method `first' for nil:NilClass,2,3271.18,6/29/2025
988,Phillis Wheildon,error: undefined method `first' for nil:NilClass,7,1394.94,1/19/2025
989,Jacquelyn Reardon,error: undefined method `first' for nil:NilClass,10,2082.14,7/13/2025
990,Tarra Robardet,error: undefined method `first' for nil:NilClass,5,1119.64,11/15/2025
991,Simmonds Youhill,error: undefined method `first' for nil:NilClass,2,4773.21,8/18/2025
992,Cleve Meineken,error: undefined method `first' for nil:NilClass,6,3317.25,3/7/2025
993,Rance Dilleway,error: undefined method `first' for nil:NilClass,2,54.06,7/31/2025
994,Urbano Priddey,error: undefined method `first' for nil:NilClass,6,2877.3,2/6/2025
995,Hugibert Feaviour,error: undefined method `first' for nil:NilClass,8,3775.57,7/9/2025
996,Collie Brabon,error: undefined method `first' for nil:NilClass,3,3128.85,7/20/2025
997,Carlota Chrestien,error: undefined method `first' for nil:NilClass,4,2612.87,6/13/2025
998,Tracy Sapp,error: undefined method `first' for nil:NilClass,7,1093.33,5/19/2025
999,Trumann Berkelay,error: undefined method `first' for nil:NilClass,8,2906.93,4/21/2025
1000,Layne Proschek,error: undefined method `first' for nil:NilClass,4,2447.12,7/17/2025
